feature,season,lead_hour,median,q25,q75,stations
temperature,DJF,3,0.92791454481536,0.9169184818058831,0.9361705641810727,184
temperature,DJF,24,0.687073663200831,0.6413024929986285,0.7282270238871746,184
temperature,DJF,48,0.44455988602655616,0.3682111863080449,0.5073216456065028,184
temperature,DJF,72,0.2860113825074806,0.22790303046451318,0.35163067295136125,184
temperature,MAM,3,0.9331201031719714,0.9255925182173952,0.9420265370250238,184
temperature,MAM,24,0.6204754008073402,0.603988382172111,0.6335686868349337,184
temperature,MAM,48,0.3250574908495605,0.3022603423761846,0.3465168291137422,184
temperature,MAM,72,0.14405625296334107,0.1250861303887722,0.17569394803178823,184
temperature,JJA,3,0.9257823322464633,0.9092220332881857,0.9344219326435762,184
temperature,JJA,24,0.6396266180951713,0.5782716420566025,0.6922657793953187,184
temperature,JJA,48,0.39523900101201576,0.3411153723218163,0.45982492301705924,184
temperature,JJA,72,0.2911112003117582,0.2369836057569742,0.35394214976293437,184
temperature,SON,3,0.9278027936547186,0.920393706357276,0.9352980206189919,184
temperature,SON,24,0.6872323669943265,0.6620469625680092,0.7097504545112292,184
temperature,SON,48,0.4111449785499238,0.38444001475287737,0.4480990066698046,184
temperature,SON,72,0.2314156235616082,0.20246808330478822,0.2694425190314018,184
pressure,DJF,3,0.9869103705692919,0.9847804019352071,0.9884269852988776,184
pressure,DJF,24,0.6109741169945794,0.5469519417880806,0.6628326014322665,184
pressure,DJF,48,0.2782488133325916,0.23120541306270045,0.33358176187709554,184
pressure,DJF,72,0.15783756757340434,0.13598977761909356,0.17177935170771919,184
pressure,MAM,3,0.9845028628225121,0.9834969710076956,0.985713657119702,184
pressure,MAM,24,0.5934242357262237,0.5575634382525541,0.6277831995973349,184
pressure,MAM,48,0.20761533268517757,0.14628086589122813,0.24609126581752133,184
pressure,MAM,72,0.01317856317017891,-0.02918490894885423,0.04985292935793795,184
pressure,JJA,3,0.9857336108692949,0.9831308688718648,0.9865995545501824,184
pressure,JJA,24,0.7224554444953838,0.6911131604299622,0.752805842347948,184
pressure,JJA,48,0.4076029091386342,0.33800530296885095,0.46915911551826994,184
pressure,JJA,72,0.2646851603700119,0.17996624025290386,0.3158592401633916,184
pressure,SON,3,0.9860324651689812,0.984784349860446,0.9869627558060355,184
pressure,SON,24,0.6352505778349279,0.5864513793446959,0.6826185219994062,184
pressure,SON,48,0.24477389825005452,0.2029706082996207,0.3156101657709712,184
pressure,SON,72,0.02392643846560457,-0.005250010488181465,0.0960531120120186,184
rh950,DJF,3,0.9395562981099126,0.9256636872359401,0.9564084994453644,184
rh950,DJF,24,0.49611886304720415,0.42025942116328185,0.5826108565517296,184
rh950,DJF,48,0.2163210254749779,0.1436254874999349,0.27897180165496105,184
rh950,DJF,72,0.08241946814997239,0.034769192760989186,0.11986818045206965,184
rh950,MAM,3,0.9248439287095527,0.9159567303918665,0.938509832080432,184
rh950,MAM,24,0.4319051371980638,0.3614887368900752,0.4788857862719252,184
rh950,MAM,48,0.12702451850628488,0.0871196734058649,0.1681552253201765,184
rh950,MAM,72,0.050831712404539264,0.010514663764254141,0.08785689606072217,184
rh950,JJA,3,0.9206256767360435,0.9099845039820029,0.9308867751109728,184
rh950,JJA,24,0.5414274032933031,0.49846689005159506,0.5714759924233148,184
rh950,JJA,48,0.3098405514763336,0.25109693175160624,0.3518999543304073,184
rh950,JJA,72,0.20022057614212097,0.15330807819552988,0.24436412091259543,184
rh950,SON,3,0.9378270637101183,0.9225270425399014,0.9536175673932749,184
rh950,SON,24,0.5755109903245537,0.5118195937534038,0.6516879939395923,184
rh950,SON,48,0.3639444576845175,0.28081200547686724,0.4577420487817728,184
rh950,SON,72,0.27608282867192435,0.18150729906347285,0.3601790703178362,184
wind_speed,DJF,3,0.8317804502570936,0.8030612051253251,0.8563194106792125,184
wind_speed,DJF,24,0.17142581706255394,0.12270859364914508,0.20246635659087095,184
wind_speed,DJF,48,0.026585800752685792,-0.002819329547366296,0.04943273755081008,184
wind_speed,DJF,72,-0.03903435763470696,-0.05738958765689352,-0.014244252881226105,184
wind_speed,MAM,3,0.7916960585994857,0.7476812072288228,0.81769788038051,184
wind_speed,MAM,24,0.13955503136133396,0.08984920473820877,0.17388542448766056,184
wind_speed,MAM,48,-0.010126347960181229,-0.030731517858552757,0.018503456833191774,184
wind_speed,MAM,72,-0.020850503305926853,-0.040545516942685,-0.006087460557532465,184
wind_speed,JJA,3,0.808501522937237,0.7470154984277891,0.8468618145487741,184
wind_speed,JJA,24,0.3357515459738162,0.21045718547777606,0.4167501080345123,184
wind_speed,JJA,48,0.10237322134906873,0.0675005297160356,0.1475084914002549,184
wind_speed,JJA,72,0.04614922721778457,0.013215367372785981,0.0763659934022107,184
wind_speed,SON,3,0.8386475448363818,0.8073089224861094,0.8583819851314093,184
wind_speed,SON,24,0.2021465995112993,0.13543320935583852,0.26712217700567975,184
wind_speed,SON,48,0.02046211858286833,-0.014538109511247217,0.05805898952896746,184
wind_speed,SON,72,-0.014044777994260989,-0.05299991070252514,0.020311788816539444,184
wind_u,DJF,3,0.9094499491861265,0.8786019708455819,0.9302918349007301,184
wind_u,DJF,24,0.2629496519087333,0.18831370380360524,0.2939038071158142,184
wind_u,DJF,48,0.00572904839356382,-0.022119063295512987,0.045270737222710716,184
wind_u,DJF,72,-0.06776393188206233,-0.10286507595999456,-0.02128831863117393,184
wind_u,MAM,3,0.87799115212743,0.8429954612947146,0.9069068873532268,184
wind_u,MAM,24,0.22911230684036996,0.168947159193387,0.28390420488987583,184
wind_u,MAM,48,-0.020755227600076122,-0.05480251166586603,0.014183155969071576,184
wind_u,MAM,72,-0.07362295362278543,-0.10824953939956652,-0.03044097154720203,184
wind_u,JJA,3,0.8588911772144174,0.8151723109750632,0.9012999671331333,184
wind_u,JJA,24,0.37466672363135334,0.29448252175055556,0.4828242433176805,184
wind_u,JJA,48,0.16114127295099823,0.07996188281351804,0.20715251360297984,184
wind_u,JJA,72,0.07251288844870091,0.0306270198336479,0.11210894061515805,184
wind_u,SON,3,0.8984629897479124,0.860971835168883,0.9191548452783185,184
wind_u,SON,24,0.2812306593880387,0.22887776867229914,0.3182703671309223,184
wind_u,SON,48,0.04051116251213953,0.0001984913273501708,0.09506616763884124,184
wind_u,SON,72,-0.013700955448515597,-0.035715981515780294,0.029778414547489186,184
wind_v,DJF,3,0.9091156116767944,0.8644786190924851,0.9198273222317425,184
wind_v,DJF,24,0.12218478029434603,0.059218036060222815,0.20846153374685605,184
wind_v,DJF,48,-0.02245275339461608,-0.0552820921796028,0.012837198892696427,184
wind_v,DJF,72,-0.0005192909461858643,-0.023191601221794648,0.01985461956032686,184
wind_v,MAM,3,0.8952435125981415,0.8491639649595082,0.9153045919565781,184
wind_v,MAM,24,0.17812235731505022,0.1112310836661518,0.23906773567284265,184
wind_v,MAM,48,-0.05906087261170238,-0.08613314449215402,-0.031329026503008166,184
wind_v,MAM,72,-0.09635450398107101,-0.11603153339061315,-0.026885849814840466,184
wind_v,JJA,3,0.896299503206482,0.8346278463614094,0.9127281016679241,184
wind_v,JJA,24,0.3723434763463068,0.2943215983307337,0.44088569949306106,184
wind_v,JJA,48,0.1266554950509306,0.06257271130846244,0.190142095897942,184
wind_v,JJA,72,0.08262755920280612,0.029863721513027443,0.13541419859529608,184
wind_v,SON,3,0.9138330854227779,0.8711976656656277,0.927723090408073,184
wind_v,SON,24,0.2513361969153256,0.18079824886392712,0.35139194761340514,184
wind_v,SON,48,0.012351892846509258,-0.019922966865037577,0.040607476448103405,184
wind_v,SON,72,-0.06004916853220285,-0.08109546256564673,-0.035697078303057,184
pbl,DJF,3,0.6603647043199368,0.6121285620311564,0.7198821524437017,184
pbl,DJF,24,0.34436582741739274,0.313008380129406,0.3856906186911788,184
pbl,DJF,48,0.09772557397623688,0.06761508220905953,0.13204383586958884,184
pbl,DJF,72,0.025067079519786848,-0.0034403715173782386,0.04789380393188577,184
pbl,MAM,3,0.5679416309345291,0.542700513927805,0.5995037491228277,184
pbl,MAM,24,0.2823650646673077,0.22574009693203012,0.30423304650391536,184
pbl,MAM,48,0.04586446376394464,0.026504314473333977,0.08587387901214596,184
pbl,MAM,72,0.010683079675719465,-0.029335025219229427,0.0587294918647121,184
pbl,JJA,3,0.5756966274503912,0.5462776404720672,0.618211796154944,184
pbl,JJA,24,0.43785582680220364,0.39512696620858456,0.489466989362888,184
pbl,JJA,48,0.2447176900319729,0.18345129595118148,0.28767420720630954,184
pbl,JJA,72,0.17208829503541132,0.1120142321204272,0.20583238575398555,184
pbl,SON,3,0.585027570344897,0.5505466112100468,0.6396223384255929,184
pbl,SON,24,0.35734089611910586,0.3083549124956494,0.4152071744882879,184
pbl,SON,48,0.16046535352495062,0.12809837016934988,0.20216720738844202,184
pbl,SON,72,0.0891535199742261,0.06238143120543277,0.12684632955734787,184
ventilation,DJF,3,0.7704437243109643,0.7204781282371272,0.8111790955229099,184
ventilation,DJF,24,0.259476432499131,0.209310044218993,0.2985054876691048,184
ventilation,DJF,48,0.03701247485495873,0.018766771862341526,0.05510679864477182,184
ventilation,DJF,72,-0.031108861148676642,-0.06016123899755876,-0.004974363691362074,184
ventilation,MAM,3,0.7134666281348003,0.6731296703934639,0.7453879316032216,184
ventilation,MAM,24,0.16590221682337974,0.09890702862509212,0.21930310994084626,184
ventilation,MAM,48,-0.0013031350169508465,-0.020601531565437384,0.014569574244125747,184
ventilation,MAM,72,-0.008696870866103316,-0.043352409671834576,0.018641857328570315,184
ventilation,JJA,3,0.7298398875825035,0.6761007268982765,0.8102524986070877,184
ventilation,JJA,24,0.39259610853055393,0.32897107116334884,0.44904164434173316,184
ventilation,JJA,48,0.16269010097874642,0.11551315033252028,0.2037315598103817,184
ventilation,JJA,72,0.0840593928509646,0.04459689890476328,0.11173864519073615,184
ventilation,SON,3,0.7681709706110609,0.7175164449011889,0.8180966249364909,184
ventilation,SON,24,0.24108947816808557,0.17204621061391878,0.30532442752948985,184
ventilation,SON,48,0.07157789329479335,0.03793841021851962,0.10485036763715258,184
ventilation,SON,72,-0.0018776339944601384,-0.0292117360507696,0.0371186591777331,184
dewpoint_deficit,DJF,3,0.8748518463656547,0.8546954721266419,0.8950321069370677,184
dewpoint_deficit,DJF,24,0.5234845731555209,0.4604538416447773,0.5783300583043043,184
dewpoint_deficit,DJF,48,0.27443861083789656,0.21344020718540052,0.3067561793428781,184
dewpoint_deficit,DJF,72,0.15605987755833192,0.10658973748593475,0.19658469722381078,184
dewpoint_deficit,MAM,3,0.8790263756435607,0.8627123933204857,0.894325273152133,184
dewpoint_deficit,MAM,24,0.4416190201577541,0.3969106192300321,0.47115171022559404,184
dewpoint_deficit,MAM,48,0.13036137323788854,0.09987314610571814,0.17619323966836842,184
dewpoint_deficit,MAM,72,0.04630182433724439,-0.0022674808259101147,0.1132209166564431,184
dewpoint_deficit,JJA,3,0.8877146344888369,0.8721352793519546,0.900109038661822,184
dewpoint_deficit,JJA,24,0.5816533495129934,0.5380360350157347,0.6179817472849854,184
dewpoint_deficit,JJA,48,0.34732284060586716,0.28090796168077836,0.401279975073212,184
dewpoint_deficit,JJA,72,0.2424748036743527,0.18843636882594664,0.30467889037928775,184
dewpoint_deficit,SON,3,0.8715082341704686,0.8518522616147414,0.8902134082242621,184
dewpoint_deficit,SON,24,0.5915204054836152,0.5269125148738403,0.6525082628962106,184
dewpoint_deficit,SON,48,0.3852014119895796,0.2897140485925833,0.4539737088135774,184
dewpoint_deficit,SON,72,0.3053922308470154,0.20410678768321436,0.37142004605132384,184
log_precipitation,DJF,3,0.7331692228034903,0.7149250472361546,0.7526989554360763,184
log_precipitation,DJF,24,0.04712880543062209,-0.0008420040268619383,0.12429479490653547,184
log_precipitation,DJF,48,0.016220201722627378,-0.015401750591615514,0.05735906678180902,184
log_precipitation,DJF,72,-0.009108510825214279,-0.023968739097032,0.0072453865392184975,184
log_precipitation,MAM,3,0.6436511875247322,0.6043626473002948,0.6677734144673046,184
log_precipitation,MAM,24,0.024250109648773464,0.0011323514899874772,0.05524446195633248,184
log_precipitation,MAM,48,-0.019974355229559156,-0.032013353927997416,-0.001238966042881587,184
log_precipitation,MAM,72,-0.016096143090783926,-0.03336413259963558,0.009453233716780541,184
log_precipitation,JJA,3,0.627391168540375,0.5702782332342989,0.6578797374386156,184
log_precipitation,JJA,24,0.10241633942887104,0.07189816092670012,0.1602180512300622,184
log_precipitation,JJA,48,0.022329712384255136,-0.004794404716597101,0.051133770422397626,184
log_precipitation,JJA,72,0.004049098340350431,-0.010873064210545402,0.02433407790843984,184
log_precipitation,SON,3,0.6940747959326061,0.6422960185767377,0.7229570597800212,184
log_precipitation,SON,24,0.12217016876263405,0.07986889880460007,0.1627178669968205,184
log_precipitation,SON,48,0.008731251280613205,-0.015638872891176193,0.035957669083677896,184
log_precipitation,SON,72,0.003753656236747633,-0.015661558211291275,0.023438005229761947,184
