horizon_hours,signal,mean_incremental_delta,std_incremental_delta,improving_seeds,mean_corrected_mae
3,boundary_layer_height,-0.01614602406819657,0.015481557612410022,2,9.602692286173502
3,dewpoint,0.0007591247558593334,0.002462812545033653,1,9.619597434997559
3,dewpoint_deficit,-0.006213188171386667,0.009187265518173428,3,9.612625122070312
3,neighbor_trend,-0.0924868336695799,0.023322699931829484,3,9.526351476572119
3,precipitation,0.0034529368082681666,0.0020355119548842665,0,9.622291247049967
3,regional_factor,0.0034971237182617,0.028350569346705146,1,9.622335433959961
3,spatial_innovation,-0.03542997594367787,0.03944919462125729,2,9.583408334298023
3,ventilation,-0.0109930038452148,0.007690934240823526,3,9.607845306396484
3,wind_aligned_innovation,-0.12571430206298825,0.05081784303138012,3,9.493124008178711
3,wind_lagged_innovation_3h,-0.1056270599365234,0.019844134671397777,3,9.513211250305176
3,wind_lagged_innovation_6h,-0.03250662485758463,0.006424684121113538,3,9.586331685384115
6,boundary_layer_height,-0.0092363357543945,0.011663513464064197,3,12.97287623087565
6,dewpoint,-0.004530906677246034,0.004981976008124854,3,12.977581659952799
6,dewpoint_deficit,-0.011010169982910134,0.020237837192165584,2,12.971102396647135
6,neighbor_trend,-0.010996102058809234,0.019971431603604706,2,12.971116464571237
6,precipitation,0.0018049875895182336,0.0021806772750764493,1,12.983917554219564
6,regional_factor,-0.024074554443359365,0.04243406993729401,2,12.958038012186686
6,spatial_innovation,-0.09794832587666306,0.05152053842466966,3,12.88416424075338
6,ventilation,-0.005416870117187466,0.00530860793026706,3,12.976695696512857
6,wind_aligned_innovation,-0.28110376993815095,0.06424559634750972,3,12.701008796691895
6,wind_lagged_innovation_3h,-0.12248770395914714,0.02275325586763997,3,12.859624862670898
6,wind_lagged_innovation_6h,-0.0434668858846028,0.009333174775788622,3,12.938645680745443
12,boundary_layer_height,-0.0273694992065429,0.011693530859777628,3,15.477388064066568
12,dewpoint,-0.010856628417968734,0.012725686890381982,2,15.493900934855143
12,dewpoint_deficit,-0.0296328862508138,0.03779677485076554,2,15.475124677022299
12,neighbor_trend,-0.05814880282407544,0.02343355553027842,3,15.446608760449037
12,precipitation,-0.003840128580729133,0.004605356996597899,3,15.500917434692383
12,regional_factor,-0.08988984425862627,0.04573508201294689,3,15.414867719014486
12,spatial_innovation,-0.12251548367737303,0.040980855299648435,3,15.38224207959574
12,ventilation,-0.013299306233723933,0.005488210531912335,3,15.491458257039389
12,wind_aligned_innovation,-0.29542287190755206,0.05026058094032025,3,15.20933469136556
12,wind_lagged_innovation_3h,-0.10822900136311847,0.020217795694152784,3,15.396528561909994
12,wind_lagged_innovation_6h,-0.03460725148518876,0.010411038235736107,3,15.470150311787924
24,boundary_layer_height,-0.0208168029785156,0.004554366729938228,3,17.2825870513916
24,dewpoint,-0.0065142313639323,0.008315148728694556,2,17.296889623006184
24,dewpoint_deficit,-0.027224222819010366,0.021704967261913653,3,17.276179631551106
24,neighbor_trend,-0.06785080739448661,0.0044621430824091654,3,17.235553046975628
24,precipitation,-0.004304250081380166,0.004453000354181406,3,17.299099604288738
24,regional_factor,-0.029165267944335865,0.02012125228164044,3,17.27423858642578
24,spatial_innovation,-0.017472640867681567,0.01395307721446851,3,17.285931213502437
24,ventilation,-0.012907028198242167,0.006638896196438399,3,17.290496826171875
24,wind_aligned_innovation,-0.058289845784505134,0.018533162279814254,3,17.245114008585613
24,wind_lagged_innovation_3h,-0.025492350260416633,0.00841095988783266,3,17.2779115041097
24,wind_lagged_innovation_6h,-0.015157063802083266,0.005231660975269034,3,17.288246790568035
36,boundary_layer_height,-0.0396595001220703,0.0053205058487028395,3,18.943716684977215
36,dewpoint,-0.0062173207600912,0.014273062634895313,1,18.97715886433919
36,dewpoint_deficit,-0.040763854980468694,0.0358727655165721,3,18.942612330118813
36,neighbor_trend,-0.015867670533510833,0.007097537290828197,3,18.967508514565775
36,precipitation,-0.0023244222005208335,0.007092444879852887,1,18.981051762898762
36,regional_factor,-0.01610755920410153,0.015625343305012616,3,18.967268625895183
36,spatial_innovation,-0.010705005174151168,0.010533662939836175,3,18.972671179925133
36,ventilation,-0.023555755615234365,0.003892933603789706,3,18.95982042948405
36,wind_aligned_innovation,-0.020643234252929632,0.011911370527065975,3,18.962732950846355
36,wind_lagged_innovation_3h,-0.011720657348632734,0.004425092812023578,3,18.971655527750652
36,wind_lagged_innovation_6h,-0.0033702850341796667,0.0023161079819700634,3,18.980005900065105
48,boundary_layer_height,-0.0346253712972005,0.006767702017381076,3,19.47606658935547
48,dewpoint,-0.011768341064453099,0.01951401115510568,2,19.498923619588215
48,dewpoint_deficit,-0.038491566975911405,0.03391428141864868,3,19.472200393676758
48,neighbor_trend,-0.014544255190359666,0.0022278703736650176,3,19.49614770546231
48,precipitation,-0.0007101694742838667,0.004897726027975361,1,19.509981791178387
48,regional_factor,-0.0045973459879557,0.008088645333484693,2,19.506094614664715
48,spatial_innovation,-0.002610176012471016,0.004698100908179459,2,19.508081784640197
48,ventilation,-0.0208199818929036,0.00687751576770286,3,19.489871978759766
48,wind_aligned_innovation,-0.0023924509684244664,0.004406694598478918,2,19.508299509684246
48,wind_lagged_innovation_3h,0.0003083546956380333,0.001059408692846022,1,19.51100031534831
48,wind_lagged_innovation_6h,-0.00030390421549476664,0.0011208888194660096,2,19.510388056437176
72,boundary_layer_height,-0.0309975941975911,0.010129375750334338,3,20.485748926798504
72,dewpoint,0.0049959818522135,0.011038076585682073,1,20.52174250284831
72,dewpoint_deficit,-0.0194727579752604,0.02828408215825922,2,20.497273763020836
72,neighbor_trend,-0.007263615129397466,0.0022530627529415695,3,20.509482905866694
72,precipitation,-0.0015525817871093663,0.008755596799493044,1,20.515193939208984
72,regional_factor,0.0037981669108073,0.007388379368945526,1,20.520544687906902
72,spatial_innovation,-0.0010931149756624999,0.0033024361177718016,1,20.515653406020434
72,ventilation,-0.021301905314127567,0.011082870324832414,3,20.495444615681965
72,wind_aligned_innovation,-0.0012868245442708333,0.002724839841174694,2,20.515459696451824
72,wind_lagged_innovation_3h,-0.00025685628255203333,5.6398635949801e-05,3,20.51648966471354
72,wind_lagged_innovation_6h,-0.00027020772298176664,0.0004449044859007382,2,20.516476313273113
