target_index,target,lead_hour,base_adjusted_r2,aligned_neighbor_r2_gain,unweighted_neighbor_r2_gain
0,Beijing,3,0.8718444640789962,0.0038287427135551555,4.206199956668932e-06
0,Beijing,6,0.7080420991859677,0.01079471020633993,0.00041098496611557955
0,Beijing,12,0.45416307669171685,0.015324776184005073,0.0009199684350805759
0,Beijing,24,0.1783403212650777,0.00880736385737324,0.00012657904923918384
1,Tianjin,3,0.8078480429648164,0.031833866596658655,0.016385264448406378
1,Tianjin,6,0.5968171801400046,0.06773855486904046,0.04075541169367769
1,Tianjin,12,0.33102880516208155,0.05744484942254813,0.046349380176667565
1,Tianjin,24,0.12039992689198231,0.021032406872644183,0.025068716525473378
2,Shijiazhuang,3,0.8302502002838503,0.01519139405959713,0.0039163121370358045
2,Shijiazhuang,6,0.644090039351173,0.033386279176983225,0.007928010793755491
2,Shijiazhuang,12,0.4240495438901125,0.022396491324601198,0.004412088317463425
2,Shijiazhuang,24,0.24081407909592423,0.0031303430111707664,0.00012837846143021192
3,Tangshan,3,0.7837928116692767,0.02991667211697724,0.024457553725643844
3,Tangshan,6,0.579590928902023,0.0713809090874602,0.06168585762993939
3,Tangshan,12,0.3493962808674108,0.06559985642289223,0.0637888678062617
3,Tangshan,24,0.16174726509176907,0.006656554308011375,0.011095038138660973
4,Qinhuangdao,3,0.8092860624704231,0.01696678967770804,0.014173166303107054
4,Qinhuangdao,6,0.6020374595718401,0.045286264357059736,0.03720521262263077
4,Qinhuangdao,12,0.33940776436407594,0.0595194511471514,0.04886755534393172
4,Qinhuangdao,24,0.12184946763250981,0.019852475508781886,0.017203570849762873
5,Handan,3,0.7609773205146173,0.01488268382215352,0.005582605303390276
5,Handan,6,0.5448420257789679,0.02135285922552632,0.008330733397783563
5,Handan,12,0.3276522512543055,0.00558685333540998,0.0011830446375942216
5,Handan,24,0.19647789017588468,0.002484578480473121,0.0019039752681163646
6,Baoding,3,0.7946610613373577,0.019449788983510463,0.010809500629421431
6,Baoding,6,0.5753240426263044,0.05141359557280811,0.031118474777366623
6,Baoding,12,0.33878731709589793,0.0408110452434961,0.028877736047915437
6,Baoding,24,0.19026252903472995,0.0014002967598751859,0.0010391400310626464
7,Zhangjiakou,3,0.6425426743981688,0.009952379522711219,0.012206994096405355
7,Zhangjiakou,6,0.43283751570130613,0.027746921624518195,0.02874620721924548
7,Zhangjiakou,12,0.25323173595944315,0.04619468199865939,0.03939543267562462
7,Zhangjiakou,24,0.11280928415244507,0.016588049759376222,0.020461507152851
8,Chengde,3,0.785522155384841,0.0021421431490759035,0.005413882801331482
8,Chengde,6,0.5905512444055846,0.00579614574848486,0.013536148880302634
8,Chengde,12,0.37857762972608855,-0.0013206880427387713,0.014923742308347365
8,Chengde,24,0.15534723617773627,-0.00804919915239477,0.009316284901823013
9,Langfang,3,0.7928009990668641,0.03094437149123297,0.009932316411192632
9,Langfang,6,0.5986822233643931,0.05548051239956786,0.01680894621446183
9,Langfang,12,0.34494736223032296,0.04262027272337654,0.01191792243956502
9,Langfang,24,0.13243360108322844,0.008724605258604634,0.002270252988186283
10,Cangzhou,3,0.7504182206102084,0.032262230269035186,0.022186172764273482
10,Cangzhou,6,0.5293856827976633,0.07070975340260688,0.050029680600023996
10,Cangzhou,12,0.3015136530976157,0.054328854789921666,0.047230599932480355
10,Cangzhou,24,0.12444992242112629,0.013765238908832855,0.01947507200849108
11,Hengshui,3,0.7598733991462208,0.02736022378226588,0.017412053068740274
11,Hengshui,6,0.5453275322445084,0.061487174450195914,0.03857895611078199
11,Hengshui,12,0.31395474426189496,0.059571657214299245,0.04034360744554977
11,Hengshui,24,0.1533658248881571,0.023065764491827845,0.024786967690678674
12,Xingtai,3,0.780048292919456,0.01851882150019779,0.009448553582485308
12,Xingtai,6,0.5656687473545472,0.04045930718128665,0.021588415808581063
12,Xingtai,12,0.3544113829979977,0.035935382690293505,0.022770269095636064
12,Xingtai,24,0.20576698180169517,0.009919974890760463,0.0057663713720335075
13,Taiyuan,3,0.732232561530228,0.010604041080342408,0.007886220118709764
13,Taiyuan,6,0.5107136225605412,0.021389565831680613,0.019501997236087365
13,Taiyuan,12,0.2690617822627377,0.022358093755157182,0.024001521990136054
13,Taiyuan,24,0.09150481335499017,0.011818184425148814,0.01372229573296102
14,Huhehaote,3,0.7605154400072615,-0.0018922956746683095,0.003055570885847625
14,Huhehaote,6,0.5346087809395699,-0.0020632364933667047,0.008451271065878174
14,Huhehaote,12,0.2899915005993279,-0.000917339017915686,0.010702545000643715
14,Huhehaote,24,0.09150336586231567,-0.0002466315083267112,0.003176954073281002
15,Dalian,3,0.7993168213651016,0.01456227548556599,0.006027849087957504
15,Dalian,6,0.5950904038611118,0.039558544307954024,0.01917290116501169
15,Dalian,12,0.35903110347725253,0.051596728462622976,0.025565465160907408
15,Dalian,24,0.15525602787265047,0.02463302458412797,0.008747721385775176
16,Shanghai,3,0.8318047367005902,0.010273782668534515,0.010388392704569038
16,Shanghai,6,0.6414880299426662,0.005207327445669874,0.01568567021354239
16,Shanghai,12,0.3973130435306801,-0.003053477669612281,0.007415221230758551
16,Shanghai,24,0.18648744812197027,-0.0070806558904009664,0.000334786012946342
17,Nanjing,3,0.7753547732796905,0.02567711253892846,0.016276519003309065
17,Nanjing,6,0.5881369839617049,0.03002078079798831,0.022140817825527126
17,Nanjing,12,0.3963578198813502,0.011232156311839603,0.010526298894811825
17,Nanjing,24,0.2371956506951307,0.0002993697793080008,4.9172605941727454e-05
18,Suzhou,3,0.8048671993649589,0.006723946500431066,0.006489511219346045
18,Suzhou,6,0.629161350607506,0.00961765236044898,0.007379551905441373
18,Suzhou,12,0.41216598464962484,0.0031719471589534143,0.0017491179520785494
18,Suzhou,24,0.23461895432022295,0.0006244491395026586,0.0016663215765595485
19,Nantong,3,0.7579356302039744,-0.004296068427508182,0.0017172284172961572
19,Nantong,6,0.5426638152032038,-0.018339394443557033,0.0028958308479961614
19,Nantong,12,0.3195917382607839,-0.038456582724859634,0.0013543920516849717
19,Nantong,24,0.15757592615388494,-0.021668785224407183,-5.86180862046648e-05
20,Lianyungang,3,0.6842983064271835,0.025490479048972503,0.014996857278484765
20,Lianyungang,6,0.4722560343615645,0.02880214874104081,0.019828404722351256
20,Lianyungang,12,0.2455426506690066,0.011661128291773237,0.010004480940052463
20,Lianyungang,24,0.09820170569558773,-0.0018052334247132817,9.079404691147985e-05
21,Xuzhou,3,0.7699103591329544,0.01899418572555167,0.008687944300498351
21,Xuzhou,6,0.5576816586548352,0.037172128198245,0.016586559943722712
21,Xuzhou,12,0.3379679138353302,0.022345758356438372,0.009453849609456277
21,Xuzhou,24,0.17947134484882366,0.0036201178869476047,5.5550666457904185e-05
22,Yangzhou,3,0.7283397629555324,-0.0139495298361616,0.004087844032532262
22,Yangzhou,6,0.535674937010308,-0.019119700119073935,0.004239501485697961
22,Yangzhou,12,0.3405185034292548,-0.025427208846126814,0.0012287557422859807
22,Yangzhou,24,0.18430578068974712,-0.010034271450584997,-6.671208953512586e-05
23,Wuxi,3,0.7741646060678524,0.036009597665285664,0.024535644395394685
23,Wuxi,6,0.573913634695288,0.0425794235780248,0.0250531490096908
23,Wuxi,12,0.3687175534699457,0.016065393296026964,0.008272119438769154
23,Wuxi,24,0.21286378914915094,0.001403199167893554,0.00014922203546086088
24,Changzhou,3,0.7323397263181637,0.004068307651790448,0.0013723005561347978
24,Changzhou,6,0.5076986078894126,0.004882934469030875,0.002678757817506927
24,Changzhou,12,0.301871936163306,0.001462852457297048,0.0013724776708807784
24,Changzhou,24,0.16470921747876544,0.0004151781006631605,0.00015533340765871984
25,Zhenjiang,3,0.7583550035520764,0.007203898415798937,0.0025997866762982325
25,Zhenjiang,6,0.544856573914702,0.006938694264665979,0.0043091720792889365
25,Zhenjiang,12,0.3355123053803529,0.0013725592363615924,0.0025366154820514186
25,Zhenjiang,24,0.1870385482763699,-0.00048714414580064425,0.0001983219527798008
26,Taizhou,3,0.8011298096541593,0.0036628509392668818,0.005249372505849559
26,Taizhou,6,0.6369307860708739,0.012185874265535301,0.016455256351021075
26,Taizhou,12,0.45870628734434604,0.01960936444025485,0.023295811915301834
26,Taizhou,24,0.282221751536058,0.006399128444070534,0.00765393138712156
27,Huaian,3,0.7783660926992528,0.0282852587976401,0.010232680754616363
27,Huaian,6,0.571054887179063,0.0586364251460928,0.0223313615839158
27,Huaian,12,0.34233600178863766,0.04055157545729149,0.015244925907810014
27,Huaian,24,0.15796897522647557,0.00836387280860984,0.001612824518719469
28,Yancheng,3,0.7959719018051079,0.013360762094562162,0.006754880725023282
28,Yancheng,6,0.6022583171229623,0.03169681441288863,0.016762274668378208
28,Yancheng,12,0.3640062033191488,0.02969794398671366,0.017718023449306175
28,Yancheng,24,0.15867936950839068,0.00948834184201075,0.004618205487721738
29,Suqian,3,0.7360899216593595,0.03195092383206588,0.020614910391129282
29,Suqian,6,0.5264850531931582,0.05696585712502511,0.033800052597750985
29,Suqian,12,0.30320675950530374,0.034789255584601886,0.020528089422504503
29,Suqian,24,0.14128631475409603,0.005950821899344594,0.002633315726416674
30,Hangzhou,3,0.8168345330410108,0.018004018211835948,0.01160221056874755
30,Hangzhou,6,0.6183100579850276,0.03653348143148194,0.028099130329016342
30,Hangzhou,12,0.4013785367836248,0.03237091416006843,0.031274879332407135
30,Hangzhou,24,0.24168333109090334,0.010395375242286398,0.015433402108003147
31,Ningbo,3,0.7571669385202815,0.016457825713010577,0.014432084335308626
31,Ningbo,6,0.515390378731902,0.048939378395114974,0.03540189586516751
31,Ningbo,12,0.26670769724149523,0.05647743768480529,0.03749959664308489
31,Ningbo,24,0.14327541669798105,0.016680233194801497,0.006835144773056356
32,Shaoxing,3,0.6980231753275415,0.018199174341634317,0.013368907274431074
32,Shaoxing,6,0.490815456689789,0.03248255419137014,0.023853956971398582
32,Shaoxing,12,0.2912056127671855,0.03549948647428125,0.020984074507892747
32,Shaoxing,24,0.16342301821212757,0.009678414231733656,0.0027067561435176746
33,Huzhou,3,0.7726451285655896,0.02262844212701387,0.014417840866515985
33,Huzhou,6,0.5904477181595755,0.03825436377037672,0.026908975663605283
33,Huzhou,12,0.3921621834824546,0.028429677702038636,0.024218846711637876
33,Huzhou,24,0.2437241985979196,0.007926757224368086,0.007839161453943144
34,Jiaxing,3,0.7578051661373357,0.028285572423759175,0.024467215005359755
34,Jiaxing,6,0.5523685905972342,0.04516614663995422,0.04561586871033718
34,Jiaxing,12,0.3308023918095079,0.029309082765638594,0.036337566172340185
34,Jiaxing,24,0.17351150418204864,0.004465033950235453,0.009194242875815606
35,Jinhua,3,0.7575933748541043,0.02875177263763573,0.019141185946623396
35,Jinhua,6,0.5674559634257536,0.05667884452357308,0.03979485047283171
35,Jinhua,12,0.36142732748298445,0.04637713931895415,0.036437301442083014
35,Jinhua,24,0.21388297280475865,0.005602559001708252,0.004623832981221598
36,Quzhou,3,0.7813959162088009,0.02268073255387204,0.017950686547567485
36,Quzhou,6,0.6069879411489655,0.04925514786555418,0.04132263124162894
36,Quzhou,12,0.4137889456272358,0.05438040175387415,0.04985720644170699
36,Quzhou,24,0.2442134558041703,0.025706748441111205,0.025806505874764296
37,Lishui,3,0.7384830318677407,0.021748829356219357,0.02159714859346673
37,Lishui,6,0.5284378639408742,0.05863122127587572,0.05819218020577521
37,Lishui,12,0.32003685804095405,0.07461235188826121,0.08088619657122642
37,Lishui,24,0.18769513538528648,0.0231947281019238,0.03302724773767873
38,Hefei,3,0.7991381088177486,0.018184302373392525,0.010572635985237722
38,Hefei,6,0.6117029983169626,0.03513863989641175,0.02134608192102161
38,Hefei,12,0.40286433290406787,0.02653064186132137,0.01884592180474698
38,Hefei,24,0.2481738903266545,0.004548202686432079,0.0033412654426934196
39,Nanchang,3,0.8195974210249618,0.012099419317358251,0.00979797486773315
39,Nanchang,6,0.6531424954696443,0.031244498580626612,0.026291958664902415
39,Nanchang,12,0.45849670632090034,0.038766003576476527,0.03125320601068238
39,Nanchang,24,0.28906496468616805,0.011673242645429682,0.012771849207285801
40,Jinan,3,0.7806370516445551,0.0012299091712595356,0.005568926807527297
40,Jinan,6,0.5958969960877699,0.001046877902377008,0.0087820829234736
40,Jinan,12,0.40571529693648956,-0.0022823889006865494,0.00448076894644267
40,Jinan,24,0.24018647264143722,-0.00650209838443816,0.00022617158822124672
41,Qingdao,3,0.7983672492515342,0.0196002883250328,0.013687770198950733
41,Qingdao,6,0.5947693851775517,0.023185966047686968,0.01729710746944324
41,Qingdao,12,0.35494263766625644,0.012666798567352755,0.009395520391808021
41,Qingdao,24,0.16558977336039848,0.0007435487441241895,0.0018263887171551252
42,Zhengzhou,3,0.810744334954984,0.01367510875172162,0.005087976229863345
42,Zhengzhou,6,0.6266348894773714,0.024668791132371526,0.00985883251599129
42,Zhengzhou,12,0.4083689922139514,0.01510346441289423,0.006074150328418182
42,Zhengzhou,24,0.22285837188041346,0.0012195919678523737,7.425143854589145e-05
43,Wuhan,3,0.8357236469252152,0.0023941286140017892,0.0001124794615764424
43,Wuhan,6,0.6593523022394697,0.005773242034997961,0.0015242848787818675
43,Wuhan,12,0.4518812223327535,0.00710454955688733,0.0035578011830486034
43,Wuhan,24,0.29459873982199236,0.00027474926350101736,3.875500471561821e-05
44,Zhangsha,3,0.8476623068445405,0.008517521532846906,0.007584447471636335
44,Zhangsha,6,0.6737124352594466,0.025702899797299006,0.024074828590348707
44,Zhangsha,12,0.4510834702656299,0.03533235456987316,0.033599651479008896
44,Zhangsha,24,0.26366226718217867,0.019166178271178058,0.016083699102053317
45,Zhongqing,3,0.9076058904295108,0.006900855540343476,0.0018833384498240235
45,Zhongqing,6,0.7842518877606746,0.017403562331913536,0.007510795030635453
45,Zhongqing,12,0.6118997618578079,0.026208461813327144,0.0157319929623696
45,Zhongqing,24,0.43146641493843463,0.0213227778825692,0.017744154843155724
46,Chengdou,3,0.8241346633388329,0.006658857502970794,0.0025513715561740202
46,Chengdou,6,0.6439357231722993,0.017036924635504325,0.009293599977465483
46,Chengdou,12,0.4282632389041304,0.01813591080269772,0.012736905719434977
46,Chengdou,24,0.2650521630450078,0.00686345147549261,0.00578699212947309
47,Xian,3,0.8537985405753008,0.005217108772112677,0.004871478405048202
47,Xian,6,0.6782961106363155,0.013076407436061865,0.013435153195766825
47,Xian,12,0.448994511360405,0.01604021253194632,0.014985152047839123
47,Xian,24,0.2409846127401547,0.004500884107010106,0.0011606642427924863
48,Lanzhou,3,0.6883642344185725,0.018210892119667532,0.01776322133332886
48,Lanzhou,6,0.4682264858040689,0.024276583115653727,0.022334301717857774
48,Lanzhou,12,0.25899308864926396,0.015817418690530882,0.012845792663730204
48,Lanzhou,24,0.12600197327696694,0.005065769906934081,0.0037604028196761563
49,Yinchuan,3,0.6760523982058528,0.021824160045137653,0.028499342226461888
49,Yinchuan,6,0.46339798096272644,0.03419773876483967,0.046319754180315975
49,Yinchuan,12,0.25130297400545576,0.029738811216419858,0.0454725887184485
49,Yinchuan,24,0.10499071207653055,0.008730204741246972,0.02014072607149986
50,Baotou,3,0.7307004569937847,0.008941634335994486,0.011532178722694963
50,Baotou,6,0.49959609641550773,0.02194614249369109,0.020969656382364255
50,Baotou,12,0.27921471532167186,0.01817652424907157,0.01127909168478991
50,Baotou,24,0.10459545486288535,0.005345096456755627,0.002417663338425746
51,Eerduosi,3,0.7392761578085848,0.01806908934905216,0.01535456346517372
51,Eerduosi,6,0.5530447082087242,0.045772190374991695,0.04044256842252125
51,Eerduosi,12,0.35564834485667685,0.06425646863757895,0.0679503155587543
51,Eerduosi,24,0.17134763691522925,0.04232013296042081,0.050982939038583974
52,Huludao,3,0.7164079303616757,0.030768767167135058,0.018903041993580838
52,Huludao,6,0.49132263019541833,0.06049186392756534,0.038235895050460544
52,Huludao,12,0.2896392523352881,0.05464465069444613,0.0317931699910482
52,Huludao,24,0.11250243232933443,0.016033530411484587,0.005293774970471343
53,Laiwu,3,0.7248291311253481,0.02332083242969185,0.013768354080113454
53,Laiwu,6,0.5365899318533622,0.03631549264733713,0.020757606644557725
53,Laiwu,12,0.32584543044967107,0.02142226476915854,0.010092169520183547
53,Laiwu,24,0.15323166169230518,0.00021812716459923553,-4.1543687897105386e-05
54,Linyi,3,0.8150112375144524,0.006752415781702159,0.002441638473383967
54,Linyi,6,0.6316425773554669,0.011648526242286628,0.005088581950999482
54,Linyi,12,0.40702473052590127,0.006084673859048428,0.0026826401618302853
54,Linyi,24,0.2115528489738726,0.0011190888246298547,-6.675879970408083e-05
55,Liaocheng,3,0.7556626328262053,0.015003497647986475,0.008864091378831152
55,Liaocheng,6,0.5567330232970673,0.02114537939232497,0.012438324629561626
55,Liaocheng,12,0.3407351683352322,0.008852802780876301,0.003109470359471622
55,Liaocheng,24,0.17693317140696407,0.0007048480220179787,-3.316642421802296e-05
56,Binzhou,3,0.7504573364508604,0.008023401856850354,0.002098765439211947
56,Binzhou,6,0.5531555355895872,0.00660361050291236,0.0007614969058760135
56,Binzhou,12,0.32647575836241194,-0.0058544592520825,0.0003766280073288497
56,Binzhou,24,0.14731289038140316,-0.006666869625090777,0.0007541587806847438
57,Zibo,3,0.818464535635584,0.021611431292830496,0.008727773949502193
57,Zibo,6,0.6302180873150416,0.037094308031055956,0.016355100345693874
57,Zibo,12,0.4085265249255092,0.02405060226586886,0.009801724927380406
57,Zibo,24,0.2234113159999518,0.004728587259245298,0.00071400297862656
58,Zaozhuang,3,0.7892494674643442,0.025061095935606237,0.009999885383501383
58,Zaozhuang,6,0.5975480956286012,0.041705840797154003,0.013793245514616692
58,Zaozhuang,12,0.38789683546441833,0.019871850700841298,0.0031465396316837646
58,Zaozhuang,24,0.2084430863661727,0.0023332571499472543,0.001789517019724074
59,Yantai,3,0.7658887499314765,0.025276517708172297,0.011310148931440556
59,Yantai,6,0.5834997606555938,0.0334082360989143,0.014741314610037914
59,Yantai,12,0.36471831630406404,0.02450654450167955,0.00871994716509683
59,Yantai,24,0.1673912721989822,0.008802577886292462,0.0015863633966024526
60,Weifang,3,0.7170143001542831,0.02911852386731073,0.018604208378617648
60,Weifang,6,0.49219322447674085,0.04582798336322469,0.03092922910332585
60,Weifang,12,0.28529520381601137,0.024073680196532,0.02047526532437416
60,Weifang,24,0.14409314238101512,0.0039086454304411156,0.0036165762838716864
61,Jining,3,0.8203073530833055,0.015503636010257726,0.008787482485585696
61,Jining,6,0.6484388009887521,0.030539719339977456,0.01687887709713287
61,Jining,12,0.4392528968166727,0.019877599343443686,0.011332608007025513
61,Jining,24,0.25633841478986186,0.0024743326643273944,0.0004595958613700102
62,Taian,3,0.7880976366314353,0.011311621386124071,0.008029685465880454
62,Taian,6,0.6124036576614658,0.02085505413457034,0.013656349770144183
62,Taian,12,0.3985405105565166,0.01358211156036837,0.006978726211620434
62,Taian,24,0.1952681494286369,0.00025940236496113656,-5.6834601809163665e-05
63,Rizhao,3,0.7493666145535847,0.019370442291826162,0.0190480676731003
63,Rizhao,6,0.5734576621026932,0.027243760492153157,0.026169822375157636
63,Rizhao,12,0.3662011293139039,0.014037880274440862,0.018585008074076037
63,Rizhao,24,0.18015288183321498,0.0012855355452133788,0.002616647126721161
64,Dongying,3,0.6932475178905757,0.013092831665634908,0.004118372676660265
64,Dongying,6,0.5006976163691833,0.016021704297417227,0.00402571807152019
64,Dongying,12,0.2926830677715866,0.01237184547461967,0.0010191278731317421
64,Dongying,24,0.13081295439655116,-0.0005890043920280252,-6.10134730190115e-05
65,Heze,3,0.7531748994449368,0.026529478922201366,0.01724706151245503
65,Heze,6,0.5515172704254532,0.04270879145363682,0.026356298588515625
65,Heze,12,0.34316359879007974,0.02550115801583608,0.012838327729336907
65,Heze,24,0.20399362258029696,0.0031236176771365365,0.00013510432990926358
66,Datong,3,0.7284259407228701,0.03500267500877352,0.037640384819275674
66,Datong,6,0.5056136917851083,0.06320316233320555,0.06863311341227585
66,Datong,12,0.2797231844630844,0.04683630855326737,0.05011704575407072
66,Datong,24,0.09954280579671493,0.01012473367311939,0.010685816645653268
67,Zhangzhi,3,0.7401065708142236,-0.01600087327402333,0.007765098821232552
67,Zhangzhi,6,0.5216855107022442,-0.01990005152962082,0.015579092040572062
67,Zhangzhi,12,0.3331432867761066,-0.016841756352347748,0.010862331885592047
67,Zhangzhi,24,0.1898668693279364,-0.02555937616887838,0.001030731275297514
68,Linfen,3,0.7464232188844337,0.0048487280160847135,0.0033959391553106677
68,Linfen,6,0.5383013475296523,0.012189963564994799,0.006461295950980439
68,Linfen,12,0.3336482549094608,0.011871909801483671,0.0036216529455492807
68,Linfen,24,0.13754912036673228,0.0054069906947838975,0.00022782112083730155
69,Yangquan,3,0.7973319273923839,0.011215455150168974,0.01175693391354804
69,Yangquan,6,0.598764856541637,0.03131953356982309,0.0324453307527256
69,Yangquan,12,0.37807655162633336,0.032961752829902546,0.03538434358425291
69,Yangquan,24,0.19304764596159918,0.010626622607513014,0.012047889017913205
70,Jinzhou,3,0.7226599882014126,0.015109666425958679,0.008659908851924691
70,Jinzhou,6,0.48909077290438085,0.026139782260627742,0.015773300144772517
70,Jinzhou,12,0.2663302359635945,0.02085780019921979,0.00997387404794059
70,Jinzhou,24,0.10164517030088971,0.005941396341628824,0.00012071110285671871
71,Wuhu,3,0.7620800084262828,0.017413971054815458,0.009949427339975836
71,Wuhu,6,0.56950307415683,0.021265615677871108,0.012657497994066014
71,Wuhu,12,0.3778072893113721,0.006613786918496012,0.003504594747962053
71,Wuhu,24,0.2268624822168387,-0.00032516420314809835,0.0016115546392412305
72,Maanshan,3,0.8061892838111486,0.01160135768158499,0.005202966253698982
72,Maanshan,6,0.619267360101044,0.014481042878558337,0.007040344068013016
72,Maanshan,12,0.41393974128084654,0.004055043304829198,0.0015865186547165955
72,Maanshan,24,0.2526314310412777,-8.183882870760328e-05,0.0016658576220066612
73,Jiujiang,3,0.8663216130148089,0.0037200887577852892,0.0028013080918415367
73,Jiujiang,6,0.7203718617020827,0.0137924056149058,0.012024943443106118
73,Jiujiang,12,0.5204532716127288,0.02750248230682828,0.02603259949818626
73,Jiujiang,24,0.32786143082097274,0.026298233248367997,0.017650971024275153
74,Luoyang,3,0.8103616689720438,0.015080427523915585,0.01083574570837098
74,Luoyang,6,0.6298735092863761,0.030078198294315905,0.02280827925883422
74,Luoyang,12,0.4211741589907637,0.027127624915876836,0.018330042619176257
74,Luoyang,24,0.2341164630787418,0.0032526613132983773,0.001930028357663205
75,Anyang,3,0.7729742612853086,0.01655363540158661,0.006570065013766113
75,Anyang,6,0.5644906863779634,0.02437171232482449,0.010267200332482962
75,Anyang,12,0.3363779034930784,0.00832093634912201,0.004155764799369632
75,Anyang,24,0.1936610512032142,-0.0008369177641984749,-6.301444982870219e-05
76,Kaifeng,3,0.7217907398313024,0.01551861912226049,0.006571860100545779
76,Kaifeng,6,0.49645640392907675,0.026219059048997462,0.012011979201636436
76,Kaifeng,12,0.28009994805073113,0.019368337394625623,0.008224263251150332
76,Kaifeng,24,0.14032760075418604,0.006356920170198732,0.001116592942240091
77,Jiaozuo,3,0.8187756011185785,0.01483390203263213,0.009306071181144349
77,Jiaozuo,6,0.6559729269173948,0.027340002120707085,0.01682242797200506
77,Jiaozuo,12,0.45280610486768835,0.026217914110362783,0.016085447015749876
77,Jiaozuo,24,0.242847889651145,0.00919539329068364,0.004942030627769989
78,Pingdingshan,3,0.8049771816157432,0.012876989856901666,0.010775774850106612
78,Pingdingshan,6,0.6352611590772058,0.024903501354914925,0.017378294651277826
78,Pingdingshan,12,0.44119409854070013,0.011647861669218162,0.007576793677675608
78,Pingdingshan,24,0.2806033646648658,-0.004308948032116233,3.141186932453799e-06
79,Sanmenxia,3,0.7725936382381375,0.012667620303554727,0.007199724725729606
79,Sanmenxia,6,0.5859344847545496,0.029262401312135422,0.01930060448649895
79,Sanmenxia,12,0.3707486830043466,0.03619511610791748,0.02868237740005164
79,Sanmenxia,24,0.19779133335411547,0.01180682309143044,0.012237597506517428
80,Yichang,3,0.7979669209000295,0.005163863660613277,0.007928864171503625
80,Yichang,6,0.6241429349919172,0.015128599091466133,0.02161392825722197
80,Yichang,12,0.41909457861544985,0.027471631756816883,0.0359482712706104
80,Yichang,24,0.22672469652225546,0.027312158457273417,0.029608538344172097
81,Jingzhou,3,0.803750901865929,0.023226617388567905,0.01222903031796374
81,Jingzhou,6,0.6345922494484657,0.04898753925023347,0.02749186728107511
81,Jingzhou,12,0.4470170754422944,0.038216005840327916,0.023531033386239186
81,Jingzhou,24,0.3092167116976604,0.011093028215484746,0.004810501661695499
82,Yueyang,3,0.8158693855445366,0.013432944735343066,0.008859011207963619
82,Yueyang,6,0.6438303756624897,0.02977307754259595,0.021191471738573275
82,Yueyang,12,0.449082090343877,0.03342693045750744,0.02523396905553532
82,Yueyang,24,0.2771703202182252,0.013492299825392906,0.009841641622996389
83,Changde,3,0.7239047624820334,0.01605109186116971,0.008672071338722498
83,Changde,6,0.5688610411273638,0.0249536145815219,0.013138108640218915
83,Changde,12,0.3911309322693878,0.020952845427238187,0.011539514109352278
83,Changde,24,0.22942758069483338,0.006856613614681928,0.004919068557066586
84,Zhangjiajie,3,0.7084130661406628,0.02020503665596418,0.030115595123083483
84,Zhangjiajie,6,0.5899523574659797,0.027681613094412194,0.04218143761397619
84,Zhangjiajie,12,0.4440117195659168,0.024774964923230725,0.03895080047618549
84,Zhangjiajie,24,0.27275121067168784,0.007179015745775397,0.017749373989465855
85,Mianyang,3,0.8517452864973822,0.0006700673294287585,0.0008926385815641869
85,Mianyang,6,0.6798421186430985,0.001862925550441541,0.002798905858878431
85,Mianyang,12,0.45896855152895144,0.010963273256775152,0.0038513787967987545
85,Mianyang,24,0.27404254486719903,0.009741645797759158,0.0013275213922246953
86,Yibin,3,0.7875537350407757,0.005746345208597958,0.007227916384272448
86,Yibin,6,0.5944012980703153,0.021643647880160488,0.02385194207119734
86,Yibin,12,0.3843835841437666,0.0442022006986621,0.04995391072407007
86,Yibin,24,0.20756066596676348,0.033305713454690244,0.04444871293209662
87,Luzhou,3,0.8369292029944206,0.014224893390863413,0.012070221972695583
87,Luzhou,6,0.6967729605860191,0.030039652406059103,0.027830244507706547
87,Luzhou,12,0.5392050085333562,0.03914239969774935,0.03681382475269357
87,Luzhou,24,0.39330930169475,0.02432713206368864,0.026235187000270277
88,Zigong,3,0.7517784212462527,0.023368004868564496,0.025504326880849137
88,Zigong,6,0.5833961652304812,0.039247039319701194,0.0386697650431691
88,Zigong,12,0.4102598759441841,0.03403289266690013,0.0304684126733048
88,Zigong,24,0.2994293616255238,0.006214807964285418,0.007596209325855252
89,Deyang,3,0.7442470677325834,0.02145540586919903,0.012948353327604245
89,Deyang,6,0.5940087355055558,0.03154885047963196,0.01782406016845839
89,Deyang,12,0.4206696791868989,0.020534446063709244,0.012716189591907345
89,Deyang,24,0.26733217483239025,0.00512055532087019,0.0036521094984935942
90,Nanchong,3,0.8350927365370538,0.009068628473098639,0.010104276019313296
90,Nanchong,6,0.7034718521615932,0.01924555864186628,0.02196384575975774
90,Nanchong,12,0.5271903854765965,0.025298762736451375,0.034525018164638044
90,Nanchong,24,0.36481411064857017,0.014664260872060186,0.025496626445878467
91,Xianyang,3,0.7625523996288068,0.019316964912580614,0.014270981946055028
91,Xianyang,6,0.5589524291589679,0.039887075080661805,0.02902588029709119
91,Xianyang,12,0.34683075227232163,0.04053405485517636,0.029835098648154368
91,Xianyang,24,0.20180704839425112,0.006189385585450791,0.004441010314186755
92,Tongchuan,3,0.8256884581733804,0.005755681474128638,0.0054900572322217345
92,Tongchuan,6,0.6519132168147261,0.019271780907086145,0.019560216102750605
92,Tongchuan,12,0.4391651682583987,0.035152878881710814,0.03613220220427649
92,Tongchuan,24,0.2499609470270756,0.016404700310333142,0.014227836942349747
93,Yanan,3,0.6639003099378455,0.0044524329814947805,0.005227653529814136
93,Yanan,6,0.4485905636110481,0.006748662429741148,0.01607461604478344
93,Yanan,12,0.31651787845835677,0.011596140900369978,0.015040201717509194
93,Yanan,24,0.19318466201187556,0.002132680084462324,0.0012498188102468832
94,Baoji,3,0.8254778651724315,0.004421919064487412,0.0027801114682799444
94,Baoji,6,0.6388119292378456,0.012503534661896687,0.009402115363496666
94,Baoji,12,0.4137922141916144,0.017740186707208006,0.018286436640860493
94,Baoji,24,0.18075593288924396,0.011905609349859403,0.016340402448498548
95,Weinan,3,0.8029541691846548,0.013284896714843675,0.015862916021204487
95,Weinan,6,0.6362684828296774,0.026437392186495323,0.030786524281642635
95,Weinan,12,0.4325529065682132,0.0235295063355776,0.028167978870453747
95,Weinan,24,0.2302306124150889,0.009189336154370231,0.009560022019047931
96,Shizuishan,3,0.6674470334481248,0.003996330316232477,0.005230749742910268
96,Shizuishan,6,0.4368181101153271,0.008891554428622994,0.010561234808409314
96,Shizuishan,12,0.21339245016255726,0.013182432958088519,0.014535791724302083
96,Shizuishan,24,0.06547546580923691,0.007807986317413418,0.011017768707643483
97,Zhangqiu,3,0.6867190311043089,0.034310495184351475,0.020949107258926625
97,Zhangqiu,6,0.5021128667235876,0.0438718452417689,0.025514843729746106
97,Zhangqiu,12,0.3246287675320709,0.02366113805085368,0.012267587938784241
97,Zhangqiu,24,0.1705488536101567,0.0017023059299741128,4.335884880679597e-05
98,Jimo,3,0.551803398378513,0.0506133598069094,0.03476651984131596
98,Jimo,6,0.3607884263185346,0.044946815719430155,0.03056943266151191
98,Jimo,12,0.20863091146115154,0.01689497295984299,0.015372164418978818
98,Jimo,24,0.11034498254599634,0.0014361932068852612,6.139828948470427e-05
99,Jiaonan,3,0.6748367108720463,0.03638834580468786,0.029296462740429963
99,Jiaonan,6,0.501732985798226,0.039245445271987145,0.03165224308629
99,Jiaonan,12,0.2980541176230058,0.021318927266608445,0.01830555068202433
99,Jiaonan,24,0.13566183732578618,0.004763031933422646,0.003872835222224813
100,Jiaozhou,3,0.674089301338376,0.04466970250833335,0.030752791086524622
100,Jiaozhou,6,0.4624809847426833,0.05165543044138288,0.036343297757095994
100,Jiaozhou,12,0.26351377675115817,0.023469931368499286,0.016036642533028167
100,Jiaozhou,24,0.12573706638395565,0.004454816277199125,0.0026276820196334816
101,Laixi,3,0.686039674692015,0.043485123155840855,0.030017114346422624
101,Laixi,6,0.4910006486029508,0.04626780021066024,0.02925192900028495
101,Laixi,12,0.27673509951652964,0.02111032252627376,0.011864715078275356
101,Laixi,24,0.13256266370309966,0.004972944510860722,0.0017450193021508742
102,Pingdu,3,0.5557984112138683,0.0403462774587775,0.03240797225554748
102,Pingdu,6,0.3737618198079883,0.03878540252304141,0.03252866143171462
102,Pingdu,12,0.22311527796547603,0.014529435306487759,0.016005882664345883
102,Pingdu,24,0.1199034100527594,0.0005066054792047803,0.0006507975543110778
103,Penglai,3,0.6776964094093549,-0.01450448115672387,0.01238987174656847
103,Penglai,6,0.5112072053846681,-0.022752333785194367,0.015550634649902029
103,Penglai,12,0.33340392488563064,-0.05208765809430782,0.007543876487904666
103,Penglai,24,0.15282186026060496,-0.03237596015670685,0.00015739056557806386
104,Zhaoyuan,3,0.6398802789068274,0.0469033302238977,0.042755451375515285
104,Zhaoyuan,6,0.4586684364429794,0.051364774073037966,0.0446915646987045
104,Zhaoyuan,12,0.28478628168786857,0.026765970490863267,0.0200862950727414
104,Zhaoyuan,24,0.13758045180470135,0.005740207559423283,0.001834676832044635
105,Laizhou,3,0.6966722378386552,0.021743967700957878,0.015632622823297138
105,Laizhou,6,0.5066380042026914,0.02316864389304918,0.01782313164965066
105,Laizhou,12,0.3162344305317354,0.010161056274608504,0.0071618969091874485
105,Laizhou,24,0.15739117455564144,-0.00024455140358259353,8.153958956580443e-05
106,Rushan,3,0.7097013733909303,0.021795171496787447,0.01760611048513483
106,Rushan,6,0.49882756184243127,0.03643880377997466,0.031352261514685176
106,Rushan,12,0.2916258176157954,0.02276870777848483,0.021404530311741277
106,Rushan,24,0.13173747365194832,0.008749105525122425,0.0031840862184144836
107,Wujiang,3,0.7229116992414606,0.0345975233609902,0.019971707265196814
107,Wujiang,6,0.5060913558811122,0.04453129291474012,0.03123317243733348
107,Wujiang,12,0.29677716246850694,0.021377049013203253,0.020137312355575476
107,Wujiang,24,0.1601351783322693,0.0008052946960571683,0.0018256827790182895
108,Taicang,3,0.7629863692083451,0.017429317205957084,0.004040345665876743
108,Taicang,6,0.558724016446541,0.020326368097153602,0.0048295946336551765
108,Taicang,12,0.32885804613846603,0.008806527748675186,0.0015904868885241452
108,Taicang,24,0.16039575966126696,0.0002724405463341295,0.0010788849061190708
109,Jurong,3,0.6910394989021855,0.017797172424256824,0.012509089731439604
109,Jurong,6,0.511657656042303,0.011858760383576583,0.007444052351730068
109,Jurong,12,0.3391786727889413,-0.0003159656779178066,-5.767531443179319e-05
109,Jurong,24,0.20423775791186027,0.005083904998201216,0.00861998155680821
110,Jiangyin,3,0.7426679942569698,0.03603152538157406,0.02343557612619529
110,Jiangyin,6,0.5494199269169752,0.04198102931818093,0.02729998207264439
110,Jiangyin,12,0.3539776638273,0.016373648887697212,0.011509395861057148
110,Jiangyin,24,0.1990511098060288,0.00338982151280387,0.0030507131162484935
111,Yixing,3,0.7884967841893896,0.017780984716571635,0.012164960793151769
111,Yixing,6,0.5965315765809014,0.026000248260571235,0.021682921174593695
111,Yixing,12,0.37956193783721026,0.017836089056022186,0.018913700456230753
111,Yixing,24,0.2080656831071912,0.0022936916290989817,0.002898425256375514
112,Jintan,3,0.6990640520440918,0.026394877566862318,0.016616297949041292
112,Jintan,6,0.4893892076507206,0.02477529489535113,0.019550202230054547
112,Jintan,12,0.30706231884565904,0.006538920203046583,0.005829380150292773
112,Jintan,24,0.18081555000538618,-0.00033863228194297434,8.043881680630527e-05
113,Liyang,3,0.6872288402079763,0.035791344012977566,0.030266963536735858
113,Liyang,6,0.4817210527393029,0.04405342078605534,0.036969892453747044
113,Liyang,12,0.3058837621795666,0.01867904653431607,0.018284576436626954
113,Liyang,24,0.183827019081248,-0.00023438793982411,0.0016764741899779612
114,Linan,3,0.7505713858934152,0.00998762572873424,0.010298568491253657
114,Linan,6,0.5498600890081586,0.019836090126579387,0.01990085131369912
114,Linan,12,0.3518142691587358,0.0197517287944744,0.02108170400216358
114,Linan,24,0.2128119631276053,0.006562945311689106,0.009026524078966092
115,Fuyang,3,0.7632604299341421,0.0061280098000171535,0.00550565560520444
115,Fuyang,6,0.5948569769995993,0.013312306905814308,0.011046305514053945
115,Fuyang,12,0.415516373734488,0.01160908971704766,0.008161395630420842
115,Fuyang,24,0.27359160496502577,0.00038051731208954553,-3.188754800942384e-05
116,Yiwu,3,0.7768906218148575,0.02071276153932522,0.014626614798193827
116,Yiwu,6,0.5858499841358906,0.04192566961354105,0.03030658961759536
116,Yiwu,12,0.3834721809992456,0.032408559689519945,0.02178252564267702
116,Yiwu,24,0.22880442679882584,0.0037749427247341094,0.002203233665997506
117,Xinyang,3,0.7785988354444036,0.013602625763483811,0.008625442235701608
117,Xinyang,6,0.5782109776729164,0.03537268234039048,0.024840732076499505
117,Xinyang,12,0.39191330531845914,0.03719336915375937,0.027197697171845614
117,Xinyang,24,0.2551803559163516,0.010378546752626838,0.009918587646786547
118,Zhoukou,3,0.7771500612317299,0.008816675575944344,0.004417042293865192
118,Zhoukou,6,0.5616758850513869,0.016259401493546544,0.01166412696327035
118,Zhoukou,12,0.353964574826794,0.005118127854045307,0.008615672060499957
118,Zhoukou,24,0.22291433516019532,-0.0024068408447818213,0.0011078407226623455
119,Jincheng,3,0.7269965312112827,0.0025782280292370174,0.0024509463962238964
119,Jincheng,6,0.5281977452384743,0.006451797346515575,0.004813361845873887
119,Jincheng,12,0.3449717056781205,0.002031449053030543,0.00101246111512876
119,Jincheng,24,0.19924070237925784,0.0028855546762414086,0.0032928181980713678
120,Shuozhou,3,0.6217384802013635,0.014753495309735465,0.008743302840927392
120,Shuozhou,6,0.3985203218145179,0.02890981693049255,0.018021844122285136
120,Shuozhou,12,0.24006991609926487,0.020448297282500083,0.011022359574009766
120,Shuozhou,24,0.15291662319802157,0.0017815645824272863,0.0002661370691796616
121,Jinzhong,3,0.7342857355677195,0.020774495680912164,0.021893466184517374
121,Jinzhong,6,0.5092891593978548,0.03928080643656773,0.04432130365971909
121,Jinzhong,12,0.2794580585811053,0.042009608871415915,0.05211231387139781
121,Jinzhong,24,0.10566305699962097,0.015802208895245085,0.026005752197087784
122,Yuncheng,3,0.818666162498664,0.00887232892963663,0.00529986042415409
122,Yuncheng,6,0.6454771922920558,0.016549378157923456,0.008432554077592802
122,Yuncheng,12,0.44377652975772053,0.011356689071065573,0.0036511124568809894
122,Yuncheng,24,0.2615676141713136,-2.1246944508779286e-05,0.0012409306713883073
123,Xinzhou,3,0.753417894914898,0.01589119682098361,0.01214051679121475
123,Xinzhou,6,0.5806147005044291,0.025072673819439895,0.018017208459435552
123,Xinzhou,12,0.3975645020651588,0.021465661727500196,0.011012533335483687
123,Xinzhou,24,0.20294092306805578,0.004358639028948508,0.00040081765228849875
124,Lu:liang,3,0.5863528284568575,0.002180759683238831,0.02050828275680039
124,Lu:liang,6,0.4471621966789525,0.006457564264215954,0.020888213393517874
124,Lu:liang,12,0.32881921134343106,0.004383134635806529,0.012613642713885764
124,Lu:liang,24,0.19663311915800485,-0.0063793509199581155,0.0003703389152017733
125,Wuhai,3,0.6339493233346671,0.008956294125973874,0.0060884985472187125
125,Wuhai,6,0.36953928305667805,0.024134493233350263,0.013536183764583654
125,Wuhai,12,0.16677611067819365,0.02345925478981148,0.012501169213835372
125,Wuhai,24,0.08326300951686927,0.0023815805145260827,0.0012707045130104788
126,Bayannaoer,3,0.6322960477485493,0.014293937753609542,0.009367880457286315
126,Bayannaoer,6,0.4102617897548714,0.026815066105501884,0.019170033736179204
126,Bayannaoer,12,0.22535954469820607,0.027264499685065058,0.02280662312997872
126,Bayannaoer,24,0.10896941302266216,0.0005905767208149726,0.002914213872224347
127,Wulanchabu,3,0.7083462259923154,0.009571630720625501,0.013825840440836235
127,Wulanchabu,6,0.5413493375688783,0.014783354333559595,0.024612295785716
127,Wulanchabu,12,0.3624429571646276,0.00539203691847856,0.022387500793451864
127,Wulanchabu,24,0.18831346331036158,-0.01090873574423834,0.0025893446996534397
128,Alashanmeng,3,0.6233660931398752,0.00522276765867391,0.007744234719764154
128,Alashanmeng,6,0.4050420501715023,0.01940224431272397,0.01709311607837316
128,Alashanmeng,12,0.2255187186368609,0.02881405066821796,0.029624962740660732
128,Alashanmeng,24,0.09696714729737943,0.026628604939224587,0.02603289349893989
129,Chaoyang,3,0.6803589494871041,-0.00627114960547881,0.0021325191755999784
129,Chaoyang,6,0.4685820936951316,-0.009484346030607438,0.0042806411279707746
129,Chaoyang,12,0.2785355336084173,-0.015815933524016557,0.0020751614275668073
129,Chaoyang,24,0.12313393212080437,-0.014656211678034214,0.0007851484442562562
130,Bangbu,3,0.7606607212614471,0.0202427377734703,0.010643504081917055
130,Bangbu,6,0.5665461902254365,0.038251191498985815,0.017396298712443414
130,Bangbu,12,0.36220779732844444,0.024825337518757817,0.009464895345962843
130,Bangbu,24,0.20796652764714996,0.002983716380346446,0.00017567034775056722
131,Huainan,3,0.7585076765670266,0.020584857225391717,0.010278416406814705
131,Huainan,6,0.5770357932720133,0.029757027176614104,0.012064283747999505
131,Huainan,12,0.36575276400958845,0.0143788707880661,0.0029035621604004413
131,Huainan,24,0.2000184550970474,-0.00039784160571598726,0.0022152435609219534
132,Huaibei,3,0.7823414174571247,0.01688776256628477,0.008400869474125328
132,Huaibei,6,0.5827718937331107,0.027287390705669323,0.011911215806261866
132,Huaibei,12,0.35458504421906756,0.010758415756534356,0.0032222705975732957
132,Huaibei,24,0.1906366657485029,-0.00014686501575822408,0.002240587342262068
133,Tongling,3,0.7602642475811763,0.02297600497213448,0.017704406046586962
133,Tongling,6,0.5985314412997511,0.03875333404708492,0.02649596519381814
133,Tongling,12,0.42598700438675074,0.019949832426818248,0.011963312568814666
133,Tongling,24,0.2711267442372055,0.0038317869684237893,-0.00021659856830646973
134,Anqing,3,0.8018151746870763,0.007261260687937865,0.0028239254533796165
134,Anqing,6,0.6410813632862984,0.011467939217274736,0.004482058136730305
134,Anqing,12,0.4425160412083785,0.008596270770108605,0.002862820986204606
134,Anqing,24,0.25644784773279017,0.002497389784841708,-2.551344637058417e-05
135,Huangshan,3,0.7271737203566396,0.013909105953037848,0.01555978666500113
135,Huangshan,6,0.6051641908012194,0.028674409181256633,0.023658376681293558
135,Huangshan,12,0.4590738860675794,0.03877695749176735,0.02316532061318921
135,Huangshan,24,0.27430805413243486,0.01615610588164873,0.006034804518548098
136,Chuzhou,3,0.7418156374528078,0.027602150945561954,0.009793931361926078
136,Chuzhou,6,0.5799332686813221,0.037267695245633004,0.012551275325598521
136,Chuzhou,12,0.4060518934994686,0.026171964027016048,0.004188892092109597
136,Chuzhou,24,0.24800823921545234,0.008847653418328383,0.000401723118387709
137,Liuan,3,0.7709508355833075,0.015105304220695226,0.013299219332950751
137,Liuan,6,0.593743046322919,0.03141144577528976,0.024740533080491955
137,Liuan,12,0.3981735752663027,0.022996892221537002,0.017044723142453977
137,Liuan,24,0.2492732833188861,0.005225155467801557,0.0008698563428868322
138,Chizhou,3,0.7318622868183073,0.007847351240734435,0.005716827053752427
138,Chizhou,6,0.6039825380875132,0.005912907240378518,0.003458020556649677
138,Chizhou,12,0.4528204661790458,6.18953073638906e-05,-4.6352392844228874e-05
138,Chizhou,24,0.3004470914555405,0.00546957716945029,0.009236074808488981
139,Xuancheng,3,0.7265440946740085,0.018832776573898702,0.015353433406971151
139,Xuancheng,6,0.5470975518257661,0.0293253142899218,0.02139577557459349
139,Xuancheng,12,0.37722059332837177,0.018003704065101322,0.01017932305216862
139,Xuancheng,24,0.23355613669346864,0.0011998364283426488,0.00016078761437521294
140,Jingdezhen,3,0.79709547760846,0.011693119144409181,0.010299841918648855
140,Jingdezhen,6,0.6608546171082889,0.026003380793255926,0.019584796927105352
140,Jingdezhen,12,0.49167924333989943,0.03722663842660234,0.02341471936651962
140,Jingdezhen,24,0.3279419862223667,0.010695630114879284,0.0035288192232066917
141,Yingtan,3,0.7944797062782513,0.012825613717973083,0.009846676396903287
141,Yingtan,6,0.6194315122184928,0.03565164238643548,0.03126555335018977
141,Yingtan,12,0.4309028006445933,0.05396893594468877,0.050272900718742464
141,Yingtan,24,0.266250712932639,0.02998005014617211,0.028067394328191275
142,Shangrao,3,0.8133964292253674,0.02053424390697789,0.019885509975925197
142,Shangrao,6,0.6405316883091605,0.055246044660264504,0.0509758246011931
142,Shangrao,12,0.46017855462134205,0.0672212305816009,0.06096307973877424
142,Shangrao,24,0.32079681257405046,0.01723244751730424,0.014677468722419929
143,Hebi,3,0.8003397514333195,0.02212309145406488,0.015252370041644148
143,Hebi,6,0.6018659207068576,0.036694513903827164,0.024101398177045597
143,Hebi,12,0.38852804207752667,0.019732688493056316,0.010725351995617971
143,Hebi,24,0.20942309782661062,0.003447692830272464,0.000572548367868686
144,Xinxiang,3,0.773830130015611,0.020576937686777264,0.013476812664666937
144,Xinxiang,6,0.5751676143250164,0.03967382643280559,0.028585561851239505
144,Xinxiang,12,0.3614490948023822,0.03282128306477927,0.026496679514086185
144,Xinxiang,24,0.2101788198652692,0.009043837298352453,0.006596394958832685
145,Puyang,3,0.7776909386470302,0.01368387211831179,0.0042906794770046774
145,Puyang,6,0.5613664868658692,0.023525210045092004,0.007091723464356603
145,Puyang,12,0.32907534751359624,0.007721071348539943,0.001347411581331115
145,Puyang,24,0.16252740924513598,-0.00012041948707519623,-7.997605996679091e-06
146,Xuchang,3,0.7337894779054687,0.03423595295903814,0.014183059332197212
146,Xuchang,6,0.521116638320013,0.052167924978937075,0.022150772067889846
146,Xuchang,12,0.3147332165197748,0.02050859678896455,0.009554103076597542
146,Xuchang,24,0.1814728331898522,-0.00016728824281853072,-4.3987548834945045e-05
147,Luohe,3,0.7742751141194666,0.0359318462695416,0.0239372329533174
147,Luohe,6,0.5837662911790948,0.051855437483136924,0.035226027115165204
147,Luohe,12,0.3840986553623864,0.028031330275312016,0.021973174120602956
147,Luohe,24,0.2501845557091773,0.0027269715747866297,0.0026409280407611035
148,Nanyang,3,0.8088124504240445,0.0160659348771226,0.00995576452582625
148,Nanyang,6,0.6201948589145043,0.037347956532745696,0.023340170283216777
148,Nanyang,12,0.4121813855066937,0.031335366809352116,0.01901561416520048
148,Nanyang,24,0.24726525244044673,0.009787728146706587,0.0041071681395346005
149,Shangqiu,3,0.754105124457766,0.02169417603024537,0.014646200860231495
149,Shangqiu,6,0.5530543992651415,0.04032489225019109,0.0254200316845008
149,Shangqiu,12,0.34910679457658367,0.023244331029451337,0.01340064510710548
149,Shangqiu,24,0.211507413717415,0.001173837614023121,-2.897822869007971e-05
150,Zhumadian,3,0.7654154030385221,0.03382031919662398,0.028497750177992165
150,Zhumadian,6,0.5777754314514816,0.06264602042731005,0.05149338309453788
150,Zhumadian,12,0.38926511447654977,0.04222022194146646,0.03655924081836148
150,Zhumadian,24,0.259256867674991,0.0033685729412006316,0.0061392323027879
151,Huangshi,3,0.8339973672357538,0.0168618161233699,0.016373140743518477
151,Huangshi,6,0.6741990515851166,0.03203788898343973,0.032102835257073914
151,Huangshi,12,0.4906839157888284,0.024058051019208104,0.022862314825761065
151,Huangshi,24,0.33349034148530865,0.003122434833555454,0.0029809256203497947
152,Shiyan,3,0.8422960792271599,0.009998752841576253,0.008583741201767081
152,Shiyan,6,0.7051777804223944,0.02598661417165482,0.02002103833171598
152,Shiyan,12,0.532756446653848,0.03980193062207038,0.02643247455169717
152,Shiyan,24,0.32390845959762815,0.02803447958879368,0.020232822528058025
153,Xiangfan,3,0.7751781458534636,0.010961752494453969,0.002451481621163487
153,Xiangfan,6,0.5640551118708013,0.025225843343234966,0.008136160178300766
153,Xiangfan,12,0.35294635849072586,0.020406489817696993,0.007594372032750818
153,Xiangfan,24,0.21864913293663846,0.0007492710898335808,-6.670996482671665e-05
154,Ezhou,3,0.793947553650151,0.014972326611488174,0.017664198895855687
154,Ezhou,6,0.6235502067251455,0.022396950957052297,0.028295009724483178
154,Ezhou,12,0.4407949724222019,0.013538075514148207,0.018174356645102585
154,Ezhou,24,0.3025473167989762,0.0017487840471153149,0.0016810989504696394
155,Jingmen,3,0.7760164276560889,0.013304162066392955,0.005436409725490532
155,Jingmen,6,0.5874229538383545,0.026248003668705056,0.012519034779910232
155,Jingmen,12,0.3928387288673836,0.01648709262753134,0.007915762890648992
155,Jingmen,24,0.24260017064273698,0.003134902458704958,0.0010904840689480721
156,Xiaogan,3,0.7798915544777614,0.01422483184812584,0.006251807331609127
156,Xiaogan,6,0.6166656892975829,0.02242514313629118,0.010956019737601963
156,Xiaogan,12,0.44828616686129896,0.013545866857384459,0.006518722198520788
156,Xiaogan,24,0.3167501130383805,0.00031473896997968875,0.0001346898900419502
157,Huanggang,3,0.6218966018615075,0.056033679418936,0.06228082417004188
157,Huanggang,6,0.49019217160034323,0.06208810540582488,0.06621929958904005
157,Huanggang,12,0.3533917392884143,0.03747021500837,0.04164501372534546
157,Huanggang,24,0.2434868508878716,0.006916108352548633,0.010914546637083689
158,Xianning,3,0.8008751617596831,0.016401355075558954,0.011766675628482992
158,Xianning,6,0.6281579586692704,0.03647245397253185,0.024745050820115133
158,Xianning,12,0.4439592650902726,0.032501947538313924,0.023238668461479373
158,Xianning,24,0.29693251386925024,0.009326711252167774,0.006730734092227908
159,Suizhou,3,0.7983146712613683,0.018765360475496817,0.013645385294610457
159,Suizhou,6,0.6196545460927222,0.0353178856745906,0.026356021298542642
159,Suizhou,12,0.43992727231095075,0.021815599453866796,0.016450196788518556
159,Suizhou,24,0.298278979753807,0.002563020077131828,0.0021667612159779193
160,Enshizhou,3,0.8046776475624519,0.005586703525712444,0.011377859439160254
160,Enshizhou,6,0.6919032278793031,0.010571936578275043,0.02183671115690955
160,Enshizhou,12,0.5472697206875227,0.018929363516878572,0.03136148858552368
160,Enshizhou,24,0.3778056312459117,0.01134721348456147,0.027569008051018584
161,Yiyang,3,0.7965893645806482,0.017866535305672726,0.016764743890477996
161,Yiyang,6,0.6398018972869743,0.03956027937637141,0.03667161687816578
161,Yiyang,12,0.44986250170305053,0.048771287220237824,0.04297066586814913
161,Yiyang,24,0.29638964028323433,0.017526241658642583,0.013516020639342097
162,Xiangxizhou,3,0.8045921649560306,0.01845546299622214,0.01663304861744197
162,Xiangxizhou,6,0.6707509901209595,0.039950243150131404,0.038724987168267555
162,Xiangxizhou,12,0.5115946556277509,0.04809611232368649,0.049930186311031965
162,Xiangxizhou,24,0.319082542478194,0.019443770692482487,0.02346117043130913
163,Guangyuan,3,0.7031447224957018,0.006565756491280106,0.008301352553505503
163,Guangyuan,6,0.5672781792659323,0.018189173107912238,0.015107701625119874
163,Guangyuan,12,0.4066640283799823,0.029278925273295564,0.022047737605200846
163,Guangyuan,24,0.23508026525029346,0.0198527860041402,0.02074627999968448
164,Suining,3,0.8415700083656609,0.013411657504615482,0.009131745013182146
164,Suining,6,0.6979388529462323,0.025558981283226645,0.01741631612204153
164,Suining,12,0.5182439267538784,0.030797745853903158,0.019834037517628134
164,Suining,24,0.359386024046192,0.022889595039485178,0.016248013386715
165,Neijiang,3,0.8045733233069439,0.011544539359284456,0.006661647244830982
165,Neijiang,6,0.6483057728062485,0.020177510359137174,0.015239178149787369
165,Neijiang,12,0.49108546168083156,0.01740967750717426,0.01571556307749511
165,Neijiang,24,0.3763209235542315,0.0040511336938298115,0.003137223471937012
166,Leshan,3,0.7289254370775347,0.009009385421051674,0.010537155460027647
166,Leshan,6,0.5311567156404517,0.01961545018469457,0.023061112316413945
166,Leshan,12,0.3488248386976709,0.019131938046109354,0.02141404933220581
166,Leshan,24,0.2025146187772997,0.006022904393493178,0.005505672363499081
167,Meishan,3,0.8006440471022764,0.01501167681189941,0.015039033268396396
167,Meishan,6,0.6627335334771927,0.02867897293311905,0.026963133930419048
167,Meishan,12,0.5080900243413553,0.02785770164019752,0.02270085908730679
167,Meishan,24,0.35682712460011834,0.009118067970614874,0.005373026989330509
168,Guangan,3,0.8063402638545867,0.014233638301874962,0.009967845122633712
168,Guangan,6,0.6685569329627903,0.0272470070608527,0.019174970870242336
168,Guangan,12,0.5143122507360942,0.031311361626331635,0.02501429686782619
168,Guangan,24,0.3628054422162702,0.02035779371052948,0.018577266769362444
169,Dazhou,3,0.8040421247020713,0.006672260016194809,0.006172629701311272
169,Dazhou,6,0.6614197484099333,0.018738326298892938,0.013927548460967554
169,Dazhou,12,0.49422838626478427,0.019072093290202208,0.02093278016244393
169,Dazhou,24,0.3405935368228522,0.011230732486089301,0.01367439391154568
170,Yaan,3,0.5410434385320839,0.01568772063974766,0.01791754564549186
170,Yaan,6,0.42831557839109435,0.028901469501376842,0.029365380593523227
170,Yaan,12,0.27360293573800154,0.04922405667601759,0.04182301048133896
170,Yaan,24,0.11088803664008473,0.030760250550659785,0.026705254229623998
171,Ziyang,3,0.833045133983572,0.010383740036039035,0.006953295670765636
171,Ziyang,6,0.6897969283343051,0.022761147459154474,0.013073410499695903
171,Ziyang,12,0.5121959573248069,0.01989150758305802,0.012500861317962464
171,Ziyang,24,0.35511432561537704,0.012701230034491306,0.006579891158226214
172,Hanzhong,3,0.7780406386161574,0.006486468361497355,0.004731324188159469
172,Hanzhong,6,0.6068498229087695,0.013951133694567908,0.011778025097808675
172,Hanzhong,12,0.44034602978364146,0.018209128347503212,0.01665355643092359
172,Hanzhong,24,0.279352429592141,0.0110723835075488,0.006131537874478954
173,Ankang,3,0.8421427676269866,0.0032486663657244064,0.003887899355587643
173,Ankang,6,0.7115968350486666,0.011096154147786197,0.01121767903003379
173,Ankang,12,0.5349373601671192,0.021226562717081454,0.01956139121448275
173,Ankang,24,0.31685954230455815,0.014071113665439894,0.009436827166368733
174,Shangluo,3,0.8112904755435706,0.008133108004236167,0.004687040040767698
174,Shangluo,6,0.6558617537474363,0.016336710774570218,0.012507245169038228
174,Shangluo,12,0.4597050760321234,0.022126007031920025,0.018214542657343458
174,Shangluo,24,0.25286231859912023,0.013973383473321221,0.008947541233712664
175,Baiyin,3,0.695938784532351,-0.008095921137519335,0.0030093242883255655
175,Baiyin,6,0.4862121907296205,-0.010254073591699275,0.005635672140652748
175,Baiyin,12,0.2704466472833973,-0.00825768537292293,0.0063048333000574885
175,Baiyin,24,0.13023862041486167,-0.0048571824686397536,0.0009290172058059598
176,Tianshui,3,0.6726643763048696,0.010828426470733898,0.014193189539195905
176,Tianshui,6,0.4558766692182392,0.01996432924318925,0.02542549564058405
176,Tianshui,12,0.2950264564877427,0.02050917516948869,0.023541195128941372
176,Tianshui,24,0.2277327915692402,0.006526815454347412,0.011641396549557537
177,Pingliang,3,0.7041876238891919,0.007425384524364476,0.004447829528512082
177,Pingliang,6,0.5172163546383141,0.008478032173819483,0.004986952670989697
177,Pingliang,12,0.3770085832071558,0.0030451104073740964,0.0021774622255270604
177,Pingliang,24,0.24006141137050097,0.0007779458176366827,-8.886382375949964e-06
178,Qingyang,3,0.7479684062143204,0.00449368427112784,0.004346983056579656
178,Qingyang,6,0.5597790284390816,0.011478011899333063,0.011445665615295475
178,Qingyang,12,0.36880919977671034,0.01357653584905516,0.01468554489281615
178,Qingyang,24,0.19609934543492458,0.004081602822712749,0.004281383909517156
179,Dingxi,3,0.54106961349654,0.010945869114818985,0.01869792630869549
179,Dingxi,6,0.2951047749881275,0.020847487979055113,0.030611257790386204
179,Dingxi,12,0.18234103617212782,0.01408667762331528,0.01638404926559822
179,Dingxi,24,0.187118701050765,0.004297259405798615,0.0008970056719455055
180,Linxiazhou,3,0.6426199549328042,-0.005766996072658959,0.0036068646705472718
180,Linxiazhou,6,0.42452106881391927,-0.002331707930743332,0.004331100831488799
180,Linxiazhou,12,0.274920047492617,-0.0014339125579150291,0.003505295276121645
180,Linxiazhou,24,0.2550849511595831,-0.0058900283826085476,0.0005732643121109104
181,Wuzhong,3,0.670580669000634,0.012763425121767202,0.012026656285208714
181,Wuzhong,6,0.44312863152504656,0.02025885220774226,0.022144290153919277
181,Wuzhong,12,0.2461445842182325,0.01618377233614443,0.021996729071954713
181,Wuzhong,24,0.1250485822238364,0.0071891766055982576,0.00757485777122513
182,Zhongwei,3,0.5945534513473703,-0.0043602658559931395,0.008420991781908471
182,Zhongwei,6,0.35668982548565586,-0.002341218615819818,0.014816021263345469
182,Zhongwei,12,0.18669182692127728,-0.004181230524820001,0.011153713155432898
182,Zhongwei,24,0.08437646373565555,-0.006910516306084746,0.006290777143899473
183,Guyuan,3,0.6323432859234832,0.01608009997518578,0.009587779398074314
183,Guyuan,6,0.38586588854281834,0.033323092291487,0.02460608967769662
183,Guyuan,12,0.1994499286897976,0.034176537778585536,0.036257848909948875
183,Guyuan,24,0.11137305763592864,0.01958933219674608,0.020505949249243316
