feature,event,relative_hour,station_mean_median,station_mean_q25,station_mean_q75,station_mean_n,total_observations,median_events_per_station
pm,clean_persistence,-69,-0.13978675120632988,-0.22128612890298716,-0.08153294138094246,184,605068,3111.5
pm,onset,-69,0.02007088859930271,-0.1603044283167408,0.1482285474814125,168,12290,52.0
pm,polluted_persistence,-69,0.21575397948830416,0.12125809999950582,0.3363638352795508,184,255086,1212.5
pm,clearance,-69,0.3043649458927725,0.19419849800128403,0.5008389331722204,184,28772,138.5
pm,clean_persistence,-63,-0.16031805302427155,-0.24494367007576653,-0.09993185823889056,184,605120,3113.5
pm,onset,-63,0.008491646203897033,-0.20621217818217388,0.12457212824760684,168,12281,52.0
pm,polluted_persistence,-63,0.24938001383411143,0.1469966585498215,0.3812409826017578,184,255291,1213.5
pm,clearance,-63,0.35468993032336127,0.2404369373772411,0.5430223280736484,184,28773,138.5
pm,clean_persistence,-57,-0.19428784183525324,-0.268226673752962,-0.1257319942002615,184,605184,3115.0
pm,onset,-57,-0.07184331302247118,-0.22699037619660767,0.09329459049215523,168,12288,52.0
pm,polluted_persistence,-57,0.290382483100435,0.19340341980382314,0.42433624254546787,184,255526,1213.5
pm,clearance,-57,0.39832827196712095,0.285108871133301,0.5878690832805147,184,28773,138.5
pm,clean_persistence,-51,-0.22651967601012407,-0.299015182163069,-0.15325193089657108,184,605274,3115.5
pm,onset,-51,-0.15096332043057742,-0.29228526729915383,0.040459158716134966,168,12295,52.0
pm,polluted_persistence,-51,0.3592861012022306,0.2509278458422914,0.48922940086026334,184,255779,1215.5
pm,clearance,-51,0.4531361940405563,0.31782936981784565,0.684605965699217,184,28777,138.5
pm,clean_persistence,-45,-0.2688456582451293,-0.3551275188517443,-0.19017522576158152,184,605331,3115.0
pm,onset,-45,-0.2430982511618843,-0.44639097213792145,-0.059611199365717654,168,12286,52.0
pm,polluted_persistence,-45,0.42912971277954554,0.3168312513356496,0.550431251833592,184,255774,1215.5
pm,clearance,-45,0.5384803644171647,0.4034089618960859,0.7494742583601918,184,28777,138.5
pm,clean_persistence,-39,-0.3236473536402074,-0.41206809598233546,-0.24228787857728268,184,605454,3115.0
pm,onset,-39,-0.3672360159520843,-0.5691967481410818,-0.18274624222468397,168,12292,52.0
pm,polluted_persistence,-39,0.5089514065741154,0.4077247575559587,0.6232779657327658,184,255823,1216.0
pm,clearance,-39,0.6514722534890367,0.5105860824781256,0.8336411417875313,184,28794,138.5
pm,clean_persistence,-33,-0.3922678325661897,-0.48763079861698155,-0.3067396771973611,184,605599,3115.5
pm,onset,-33,-0.5637392383332073,-0.7766598786134424,-0.33755836804344447,168,12304,52.0
pm,polluted_persistence,-33,0.6059657940976745,0.5026142089609122,0.7209212558124892,184,255892,1216.5
pm,clearance,-33,0.756314934002555,0.6295816076538556,0.9191007750802958,184,28805,138.5
pm,clean_persistence,-27,-0.4897383306137878,-0.5938785160481976,-0.38933571712425075,184,605783,3115.0
pm,onset,-27,-0.8599959709236848,-1.0405868876043374,-0.5904894312650109,168,12308,52.0
pm,polluted_persistence,-27,0.7287794767491196,0.6267057522788275,0.8704032009754118,184,255972,1216.0
pm,clearance,-27,0.913811719510079,0.7685981459456851,1.0637181757025618,184,28803,138.5
pm,clean_persistence,-21,-0.6013275976424776,-0.7468978845134081,-0.5022274038466292,184,605992,3115.5
pm,onset,-21,-1.1807938139482825,-1.4281806927866634,-0.9429440727230786,168,12314,52.0
pm,polluted_persistence,-21,0.8569514441396933,0.7481246950263118,1.0344424759752247,184,256091,1217.0
pm,clearance,-21,1.1265876608148775,0.9449774825197366,1.3133074922887449,184,28816,138.5
pm,clean_persistence,-15,-0.6836329233661143,-0.8575216505382817,-0.5799180643334902,184,606227,3115.0
pm,onset,-15,-1.2692789270465306,-1.5509683914269843,-0.953799475294517,168,12322,52.0
pm,polluted_persistence,-15,0.97313931710556,0.8368390671894115,1.1663141287741905,184,256226,1217.0
pm,clearance,-15,1.2181887094099977,1.0345946687890226,1.4236845162124394,184,28831,138.5
pm,clean_persistence,-9,-0.734165735491806,-0.9098121161955218,-0.615826661680266,184,606241,3115.5
pm,onset,-9,-1.1192541088422656,-1.3280993367001965,-0.7602255148886987,168,12323,52.0
pm,polluted_persistence,-9,1.0310119015896855,0.8945350595924978,1.2502849949208399,184,256231,1216.0
pm,clearance,-9,1.0386062196742918,0.8308559220038174,1.2790479691583823,184,28831,138.5
pm,clean_persistence,-3,-0.7439511298881079,-0.9169848121881629,-0.6233745583478683,184,606206,3115.0
pm,onset,-3,-0.7140453072281554,-0.9783620408941633,-0.42125722180923203,168,12322,52.0
pm,polluted_persistence,-3,1.0851247732729599,0.9372923470011946,1.3244513385522536,184,256213,1216.5
pm,clearance,-3,0.46017953882454726,0.1706413163046079,0.7121166323970741,184,28829,138.5
pm,clean_persistence,3,-0.7349874070358265,-0.89946935253461,-0.6064843704445259,184,606189,3115.5
pm,onset,3,0.06129142839866403,-0.17124482715349576,0.3392814577407737,168,12313,52.0
pm,polluted_persistence,3,1.118907612178543,0.9608884315145089,1.3565463024905724,184,256214,1218.0
pm,clearance,3,-0.6921255461149161,-0.9629490042712106,-0.3633372232218413,184,28817,138.5
pm,clean_persistence,9,-0.7125662301072365,-0.8720161840776142,-0.5755885033135781,184,606191,3116.0
pm,onset,9,0.7123288046534015,0.4789825885350918,1.024167499194609,168,12316,52.0
pm,polluted_persistence,9,1.11288953687614,0.9611286594377184,1.333652265557835,184,256241,1219.5
pm,clearance,9,-1.3230336820807649,-1.5410844509076953,-1.0585295953290237,184,28827,138.5
pm,clean_persistence,15,-0.6772851012566456,-0.8240683151617859,-0.5479564040034364,184,606156,3115.5
pm,onset,15,1.0704035647445762,0.7877118313812949,1.35655389028946,168,12321,52.0
pm,polluted_persistence,15,1.0458196375405675,0.902555848802806,1.2379790852205055,184,256240,1219.5
pm,clearance,15,-1.443928347307841,-1.6303558425752418,-1.1913236873397703,184,28831,138.5
pm,clean_persistence,21,-0.6112001649164578,-0.7470258923423296,-0.5025749521423613,184,606026,3114.5
pm,onset,21,1.0738083367604032,0.8810102515879594,1.4079115277612502,168,12316,52.0
pm,polluted_persistence,21,0.8986693217460688,0.7988807683261668,1.0858786194800925,184,256193,1218.0
pm,clearance,21,-1.3143729529488986,-1.485804530260035,-1.0984867889712109,184,28827,138.5
pm,clean_persistence,27,-0.5106555764565681,-0.6149427148013772,-0.405954203916659,184,605815,3113.5
pm,onset,27,0.8419738670522754,0.6582765432642845,1.1241957544970445,168,12311,52.0
pm,polluted_persistence,27,0.7449035401836049,0.648834291781917,0.8724777380029121,184,256104,1217.5
pm,clearance,27,-1.0804242370943733,-1.2381928038938956,-0.8649173338507394,184,28810,138.5
pm,clean_persistence,33,-0.42419417456632347,-0.5040935523185406,-0.3341335542867367,184,605616,3113.0
pm,onset,33,0.6238411276489679,0.46557917633745927,0.8359564479481686,168,12311,52.0
pm,polluted_persistence,33,0.5885492933308426,0.5017591461639037,0.687141421905733,184,256044,1217.5
pm,clearance,33,-0.8709829036671605,-1.0227225866087517,-0.659352851746934,184,28797,138.5
pm,clean_persistence,39,-0.3488067839536169,-0.4313892421068685,-0.26745809132112985,184,605431,3112.5
pm,onset,39,0.4801448228129971,0.35491385585370594,0.6503697215510433,168,12303,52.0
pm,polluted_persistence,39,0.46410481519076774,0.3699876401962807,0.5722485462757552,184,256009,1217.5
pm,clearance,39,-0.6959212866009821,-0.8716971503955786,-0.4781528637879097,184,28792,138.5
pm,clean_persistence,45,-0.29840508613823125,-0.38070168871488114,-0.22166332199164498,184,605313,3111.5
pm,onset,45,0.3937550648183325,0.26090419337596693,0.5319376557271371,168,12302,52.0
pm,polluted_persistence,45,0.376044621974854,0.28775001538040973,0.47261273487238564,184,255972,1217.0
pm,clearance,45,-0.5303848078762086,-0.7153603002153123,-0.35376376777833485,184,28775,138.5
pm,clean_persistence,51,-0.24719094023502242,-0.3407133249848231,-0.17618661128474428,184,605272,3112.0
pm,onset,51,0.31378969220719655,0.1813428589985407,0.451211897107928,168,12304,52.0
pm,polluted_persistence,51,0.3067486721262187,0.21137253995911578,0.40276756322908414,184,255956,1216.0
pm,clearance,51,-0.4083362732746868,-0.5865966980917059,-0.24044062550625228,184,28783,138.5
pm,clean_persistence,57,-0.21256597995435064,-0.29818070896848736,-0.14651998999245713,184,605208,3113.5
pm,onset,57,0.2637425089915638,0.1215602613840851,0.4057237450896526,168,12304,52.0
pm,polluted_persistence,57,0.2528743216404312,0.15488694956383298,0.34110902850564717,184,255917,1215.0
pm,clearance,57,-0.31994899164552326,-0.47873744140818203,-0.14727173244985506,184,28791,138.5
pm,clean_persistence,63,-0.18843961252919944,-0.2701325108845092,-0.12254373880106083,184,605159,3114.5
pm,onset,63,0.2436619074894905,0.08721650780392655,0.3935016840716135,168,12313,52.0
pm,polluted_persistence,63,0.21149461533707528,0.12541742653831736,0.29006368874911564,184,255891,1213.5
pm,clearance,63,-0.20684107460027584,-0.41636337347917973,-0.07356124861960614,184,28788,138.5
pm,clean_persistence,69,-0.16343536010233223,-0.25155563012347215,-0.10342025899121855,184,605094,3115.5
pm,onset,69,0.22419234030604818,0.08180707314394484,0.36857449571026213,168,12304,52.0
pm,polluted_persistence,69,0.17143511883004753,0.09681535147792016,0.2547614004128509,184,255863,1214.0
pm,clearance,69,-0.14016552866256687,-0.33853128252607956,-0.019720205493520153,184,28795,138.5
pm,clean_persistence,72,-0.15056967674141522,-0.24044379548249695,-0.09253823545274692,184,605054,3116.0
pm,onset,72,0.19913842173330698,0.052381035267925674,0.3516172290195414,168,12300,52.0
pm,polluted_persistence,72,0.1562604514011019,0.08051624626860046,0.23742124354114502,184,255862,1215.0
pm,clearance,72,-0.14018040034502993,-0.2978133478026144,0.00964661074147452,184,28798,138.5
temperature,clean_persistence,-69,0.10924709689633712,0.04596235226920562,0.15893051816260276,184,606851,3116.0
temperature,onset,-69,0.05688740636491782,-0.08852372694565586,0.201106124882378,168,12332,52.0
temperature,polluted_persistence,-69,-0.08363270348062939,-0.215973328053092,-0.011538751263232092,184,256353,1220.0
temperature,clearance,-69,0.17874153996158737,0.038019044633464893,0.39647683068729245,184,28853,138.5
temperature,clean_persistence,-63,0.09740008282321269,0.04029331493473462,0.14542069542952576,184,606851,3116.0
temperature,onset,-63,0.063498147969161,-0.11376378210692781,0.21299122326507952,168,12332,52.0
temperature,polluted_persistence,-63,-0.07767543079278028,-0.18934904733066046,0.015557746865211518,184,256353,1220.0
temperature,clearance,-63,0.20536569291109852,0.07835719193861546,0.46140573344592,184,28853,138.5
temperature,clean_persistence,-57,0.08596523597977769,0.03481078420172652,0.13415719095114623,184,606851,3116.0
temperature,onset,-57,0.043968066936027866,-0.09817569437757931,0.2000445239717044,168,12332,52.0
temperature,polluted_persistence,-57,-0.06380545139238569,-0.16387705836808128,0.03708193520485542,184,256353,1220.0
temperature,clearance,-57,0.2528528802047788,0.12934749870824153,0.43270862128160503,184,28853,138.5
temperature,clean_persistence,-51,0.0647427660396692,0.014099855207936756,0.11914525652774924,184,606851,3116.0
temperature,onset,-51,0.02519521723855086,-0.16537709413125662,0.17431852554166816,168,12332,52.0
temperature,polluted_persistence,-51,-0.04388335991360963,-0.12539416854762298,0.06756679380304975,184,256353,1220.0
temperature,clearance,-51,0.28333687193883517,0.16680982877297282,0.4625184352955345,184,28853,138.5
temperature,clean_persistence,-45,0.04144982225725234,-0.010805267858271583,0.09425268780653139,184,606851,3116.0
temperature,onset,-45,-0.017580724830510756,-0.20224208508203256,0.15559717949503737,168,12332,52.0
temperature,polluted_persistence,-45,-0.013989056474278656,-0.08450117733569046,0.10487999265104365,184,256353,1220.0
temperature,clearance,-45,0.35206939798098347,0.19956957070415973,0.5253203200802393,184,28853,138.5
temperature,clean_persistence,-39,0.018411099025318848,-0.046955357504935895,0.06435823767461075,184,606851,3116.0
temperature,onset,-39,-0.05189717212188086,-0.2822415103810638,0.09855122195378124,168,12332,52.0
temperature,polluted_persistence,-39,0.023379907857351785,-0.04062472864049224,0.1506907790665053,184,256353,1220.0
temperature,clearance,-39,0.42923608993271123,0.26484675362177934,0.5670621391008195,184,28853,138.5
temperature,clean_persistence,-33,-0.014417703195118356,-0.0906602046383799,0.026241050755358167,184,606851,3116.0
temperature,onset,-33,-0.12302930419151134,-0.32012588355761135,0.053077189769331096,168,12332,52.0
temperature,polluted_persistence,-33,0.06658896331498167,0.00021538360350834885,0.1957606750717391,184,256353,1220.0
temperature,clearance,-33,0.5062358408640137,0.34039015599268513,0.6643431478299341,184,28853,138.5
temperature,clean_persistence,-27,-0.06086019826934045,-0.13661112450403484,-0.008774956356721512,184,606851,3116.0
temperature,onset,-27,-0.18963477294957398,-0.4229352141436083,-0.02990579901133603,168,12332,52.0
temperature,polluted_persistence,-27,0.11847739171477478,0.04386246165198881,0.23249479285195737,184,256353,1220.0
temperature,clearance,-27,0.5615115523279619,0.4038811508553213,0.7262255468318318,184,28853,138.5
temperature,clean_persistence,-21,-0.10054126930696874,-0.1828598768011767,-0.04434026558120441,184,606851,3116.0
temperature,onset,-21,-0.29591121729765785,-0.5400192166498998,-0.05913669927702144,168,12332,52.0
temperature,polluted_persistence,-21,0.15237294289443343,0.08628127760975017,0.2760831266006089,184,256353,1220.0
temperature,clearance,-21,0.561297134314835,0.4074960346813803,0.7615498653319572,184,28853,138.5
temperature,clean_persistence,-15,-0.14014123721486085,-0.23370083641720021,-0.07892960764096049,184,606851,3116.0
temperature,onset,-15,-0.30985253670256063,-0.5744306895086554,-0.052175703062193865,168,12332,52.0
temperature,polluted_persistence,-15,0.2022272506601493,0.1308004544366227,0.3207724223428188,184,256353,1220.0
temperature,clearance,-15,0.5569372159233954,0.41306195256181455,0.7410658326780872,184,28853,138.5
temperature,clean_persistence,-9,-0.16965861243754846,-0.26689950700458753,-0.111933129422819,184,606851,3116.0
temperature,onset,-9,-0.2719523361978321,-0.5627462312052602,-0.0048871610617365075,168,12332,52.0
temperature,polluted_persistence,-9,0.24368306601762288,0.16519992137988299,0.3684178416233805,184,256353,1220.0
temperature,clearance,-9,0.468127115134876,0.32612296455633216,0.6452992623000204,184,28853,138.5
temperature,clean_persistence,-3,-0.1928704453888984,-0.28237509800981847,-0.12691919368163096,184,606851,3116.0
temperature,onset,-3,-0.27739748169574074,-0.5170322041791799,0.01737697742309962,168,12332,52.0
temperature,polluted_persistence,-3,0.28110970511198474,0.20624015777168236,0.40086170775661767,184,256353,1220.0
temperature,clearance,-3,0.23112632310490117,0.10652138303641824,0.4060079627060533,184,28853,138.5
temperature,clean_persistence,3,-0.20277908449090293,-0.2866691863483311,-0.12761344840803857,184,606851,3116.0
temperature,onset,3,-0.2253767531758178,-0.5229381456402631,0.09430950493744246,168,12332,52.0
temperature,polluted_persistence,3,0.3173118016739559,0.227218861205566,0.44630734259669746,184,256353,1220.0
temperature,clearance,3,-0.08502559403073934,-0.22390613427000067,0.09802364308276298,184,28853,138.5
temperature,clean_persistence,9,-0.19686559632399353,-0.27867159114914575,-0.12292862584117276,184,606851,3116.0
temperature,onset,9,-0.17836839700044888,-0.4234058514530191,0.0777858682355722,168,12332,52.0
temperature,polluted_persistence,9,0.3510528757897674,0.2515438641507964,0.492602441399033,184,256353,1220.0
temperature,clearance,9,-0.3592500340459208,-0.5342867762821075,-0.16450328624824131,184,28853,138.5
temperature,clean_persistence,15,-0.18654219490998747,-0.261521418783571,-0.11238289712507901,184,606851,3116.0
temperature,onset,15,-0.16045130584154535,-0.3681485057348494,0.09466462175947885,168,12332,52.0
temperature,polluted_persistence,15,0.3693411240596862,0.2665501904794906,0.48880207290695826,184,256353,1220.0
temperature,clearance,15,-0.5445731904582254,-0.7062665262071812,-0.3067862080659961,184,28853,138.5
temperature,clean_persistence,21,-0.16823290223630408,-0.23821696829740652,-0.10369801884152303,184,606851,3116.0
temperature,onset,21,-0.13401981867661877,-0.34965788391442365,0.11287928362633365,168,12332,52.0
temperature,polluted_persistence,21,0.3667753761849137,0.2570762492645068,0.47602793301724944,184,256353,1220.0
temperature,clearance,21,-0.6042317513790523,-0.7728112111074076,-0.36128432273344024,184,28853,138.5
temperature,clean_persistence,27,-0.15424494056955168,-0.21571896000475446,-0.08986317439509994,184,606851,3116.0
temperature,onset,27,-0.08090539121780507,-0.29981600670795716,0.11933834175686991,168,12332,52.0
temperature,polluted_persistence,27,0.3482447636885849,0.2361506222433292,0.4334490105927947,184,256353,1220.0
temperature,clearance,27,-0.6010909625229627,-0.7907331819251477,-0.390196727883878,184,28853,138.5
temperature,clean_persistence,33,-0.13022074121383873,-0.18694307832026452,-0.06824120765882587,184,606851,3116.0
temperature,onset,33,-0.053686302801821136,-0.2783833529070358,0.12318142551353692,168,12332,52.0
temperature,polluted_persistence,33,0.3173730393840738,0.20987171866668067,0.3987812666597012,184,256353,1220.0
temperature,clearance,33,-0.5767225978746491,-0.7374809353621112,-0.35936074733065926,184,28853,138.5
temperature,clean_persistence,39,-0.104395114500553,-0.1616203141792671,-0.053111809392226005,184,606851,3116.0
temperature,onset,39,-0.07389713518692598,-0.2662592135830052,0.09465874533610022,168,12332,52.0
temperature,polluted_persistence,39,0.2755803712521071,0.17677350824119842,0.36804207460896093,184,256353,1220.0
temperature,clearance,39,-0.5343172392934818,-0.6948594378526332,-0.32777854524628325,184,28853,138.5
temperature,clean_persistence,45,-0.08138859568320173,-0.14219754004295734,-0.03723547985237608,184,606851,3116.0
temperature,onset,45,-0.07419593864574912,-0.2458935505954552,0.1133415467493441,168,12332,52.0
temperature,polluted_persistence,45,0.23261943438774618,0.1403617557712089,0.3394182005098264,184,256353,1220.0
temperature,clearance,45,-0.4885969566635556,-0.636893006138205,-0.3034039881338766,184,28853,138.5
temperature,clean_persistence,51,-0.0626465884006584,-0.1261862092213373,-0.02362753292403169,184,606851,3116.0
temperature,onset,51,-0.08126046546572427,-0.2902547468407055,0.11566161585092052,168,12332,52.0
temperature,polluted_persistence,51,0.20301316364907207,0.1148664458350152,0.30816357699140784,184,256353,1220.0
temperature,clearance,51,-0.4437175649740454,-0.602299070487976,-0.2871081150543289,184,28853,138.5
temperature,clean_persistence,57,-0.048995095040332046,-0.1015807924218241,-0.01371862084896162,184,606851,3116.0
temperature,onset,57,-0.05352003111560272,-0.29034167721766746,0.10767662982084791,168,12332,52.0
temperature,polluted_persistence,57,0.17948779822071737,0.08147893777413065,0.28569279471494524,184,256353,1220.0
temperature,clearance,57,-0.39331988627219694,-0.5441295892495729,-0.2541029433755329,184,28853,138.5
temperature,clean_persistence,63,-0.037753248217408636,-0.07926138748602361,-0.0011120757406739173,184,606851,3116.0
temperature,onset,63,-0.05224828581506945,-0.262409667051286,0.11965819148846961,168,12332,52.0
temperature,polluted_persistence,63,0.1616770200207882,0.0630501831941648,0.26704465482436285,184,256353,1220.0
temperature,clearance,63,-0.3497035219425063,-0.49392331103561277,-0.2324349149424997,184,28853,138.5
temperature,clean_persistence,69,-0.02435475467344502,-0.06299391308109752,0.012275091108991467,184,606851,3116.0
temperature,onset,69,-0.022740312425890072,-0.21639816973362186,0.13545404644610576,168,12332,52.0
temperature,polluted_persistence,69,0.14272974107775369,0.037611318114372155,0.2503300129903355,184,256353,1220.0
temperature,clearance,69,-0.31815056236047434,-0.4429867539139982,-0.20320814441742654,184,28853,138.5
temperature,clean_persistence,72,-0.016846192730195646,-0.05690995873689106,0.01731592874499049,184,606851,3116.0
temperature,onset,72,-0.019935530204596683,-0.21963584317699963,0.15263750971477247,168,12332,52.0
temperature,polluted_persistence,72,0.14252642970971735,0.03182575894487076,0.23872031712390446,184,256353,1220.0
temperature,clearance,72,-0.311843744657319,-0.41623242782743247,-0.19000482706833194,184,28853,138.5
pressure,clean_persistence,-69,-0.13381360315628504,-0.17987429075469905,-0.09333841502906035,184,606851,3116.0
pressure,onset,-69,-0.061214684203396735,-0.2453517223057374,0.13503579820973566,168,12332,52.0
pressure,polluted_persistence,-69,0.20299364905139966,0.07914914253611693,0.3048404002938247,184,256353,1220.0
pressure,clearance,-69,-0.22150763921283562,-0.3989525713395021,-0.038800478918186956,184,28853,138.5
pressure,clean_persistence,-63,-0.12349200524987677,-0.17757007252810803,-0.08367080986449531,184,606851,3116.0
pressure,onset,-63,-0.07544749116399167,-0.24057933548170282,0.10435888797614923,168,12332,52.0
pressure,polluted_persistence,-63,0.18213273114902406,0.061255966235865315,0.2816487866133111,184,256353,1220.0
pressure,clearance,-63,-0.28623538505327295,-0.4817537390844117,-0.08817662162588727,184,28853,138.5
pressure,clean_persistence,-57,-0.11428057318909979,-0.16953525860778715,-0.0718509374402748,184,606851,3116.0
pressure,onset,-57,-0.062482311273315376,-0.21844209415954635,0.11827586732876355,168,12332,52.0
pressure,polluted_persistence,-57,0.14138307531554628,0.038231024373000855,0.2549016973322247,184,256353,1220.0
pressure,clearance,-57,-0.35988636616542313,-0.5311201716377297,-0.1342906344023883,184,28853,138.5
pressure,clean_persistence,-51,-0.09706890376757105,-0.16204445027582665,-0.05059782456591206,184,606851,3116.0
pressure,onset,-51,-0.04807739650001509,-0.2327769900760018,0.15403523516624448,168,12332,52.0
pressure,polluted_persistence,-51,0.09955212340496236,-0.004510288906837423,0.21057915156946827,184,256353,1220.0
pressure,clearance,-51,-0.4191197436795122,-0.5898958081381168,-0.21599377444957515,184,28853,138.5
pressure,clean_persistence,-45,-0.07932492883598344,-0.15023289075963525,-0.02829079639566713,184,606851,3116.0
pressure,onset,-45,-0.008814885346157441,-0.23733207897695663,0.17503522648350767,168,12332,52.0
pressure,polluted_persistence,-45,0.0440047005475995,-0.039193830436520666,0.16346970240223793,184,256353,1220.0
pressure,clearance,-45,-0.4955723286691821,-0.6513566152349168,-0.3167616140677837,184,28853,138.5
pressure,clean_persistence,-39,-0.05990490618125121,-0.12476315876272334,0.0007599163555903284,184,606851,3116.0
pressure,onset,-39,0.036206049623193716,-0.15659299696471227,0.21912064696685643,168,12332,52.0
pressure,polluted_persistence,-39,-0.006877593795299265,-0.08945464155160447,0.09524364516477747,184,256353,1220.0
pressure,clearance,-39,-0.5804793207111067,-0.7480892446780454,-0.4090434514600583,184,28853,138.5
pressure,clean_persistence,-33,-0.033701135508340224,-0.08908223411811417,0.02844616362396176,184,606851,3116.0
pressure,onset,-33,0.10284554717192265,-0.08456825447521578,0.34114931061353293,168,12332,52.0
pressure,polluted_persistence,-33,-0.06911992027596235,-0.14456894506061768,0.02503400855852319,184,256353,1220.0
pressure,clearance,-33,-0.649258121755274,-0.8240273415387331,-0.5197188694227497,184,28853,138.5
pressure,clean_persistence,-27,0.019789193572430957,-0.03908198822796797,0.06835786703288725,184,606851,3116.0
pressure,onset,-27,0.23127089261331626,-0.06044062948398152,0.4373678602417894,168,12332,52.0
pressure,polluted_persistence,-27,-0.13022024714150893,-0.19770775014303044,-0.04294213355186262,184,256353,1220.0
pressure,clearance,-27,-0.7096873822366714,-0.8712106485643495,-0.5885997575853357,184,28853,138.5
pressure,clean_persistence,-21,0.06280694180681268,-0.003732561536648956,0.11378973848673787,184,606851,3116.0
pressure,onset,-21,0.2848847046638976,-0.09606709964807922,0.5563915656816413,168,12332,52.0
pressure,polluted_persistence,-21,-0.18705962391217418,-0.24421663042357597,-0.11602945467772535,184,256353,1220.0
pressure,clearance,-21,-0.763609860475628,-0.8985531436469736,-0.6057968910444735,184,28853,138.5
pressure,clean_persistence,-15,0.09839875873705242,0.02207856880887341,0.16634609254877808,184,606851,3116.0
pressure,onset,-15,0.2985083093870967,-0.11434572378004035,0.6058405822986558,168,12332,52.0
pressure,polluted_persistence,-15,-0.23202992804284595,-0.2836710933055498,-0.1687717093467494,184,256353,1220.0
pressure,clearance,-15,-0.7141749809797326,-0.9122248803811401,-0.5098376055095986,184,28853,138.5
pressure,clean_persistence,-9,0.12283763735466896,0.05041863042935509,0.1905257292773635,184,606851,3116.0
pressure,onset,-9,0.22410960386272952,-0.1427129725384359,0.534633579867253,168,12332,52.0
pressure,polluted_persistence,-9,-0.2693714111682758,-0.3313810031211224,-0.2086159402415847,184,256353,1220.0
pressure,clearance,-9,-0.5174775576137077,-0.8122996982811325,-0.3060581343782254,184,28853,138.5
pressure,clean_persistence,-3,0.1378628952151821,0.06387334393618253,0.2092597162262788,184,606851,3116.0
pressure,onset,-3,0.14719306452267394,-0.14346324397444138,0.38366132839223077,168,12332,52.0
pressure,polluted_persistence,-3,-0.3097090914797197,-0.37970689797900414,-0.24045800413991478,184,256353,1220.0
pressure,clearance,-3,-0.20858259637435259,-0.552009162445625,0.0012193923297953257,184,28853,138.5
pressure,clean_persistence,3,0.13529748804518366,0.0731690236864701,0.21185276728737096,184,606851,3116.0
pressure,onset,3,0.0677446348321118,-0.1543603056840695,0.3000648621966798,168,12332,52.0
pressure,polluted_persistence,3,-0.34179468030203297,-0.4181745243258353,-0.24972459403463268,184,256353,1220.0
pressure,clearance,3,0.12287867313000689,-0.27094907289581105,0.3018628273803299,184,28853,138.5
pressure,clean_persistence,9,0.13219665876455905,0.08047605610649809,0.2039770636830948,184,606851,3116.0
pressure,onset,9,0.008650312546917881,-0.18926042648690958,0.28612330519587964,168,12332,52.0
pressure,polluted_persistence,9,-0.34226957761052806,-0.44837070730918854,-0.26371618026827,184,256353,1220.0
pressure,clearance,9,0.33732673731545615,0.011498962312633833,0.5483671487734686,184,28853,138.5
pressure,clean_persistence,15,0.12727850644174438,0.07736377192996918,0.18755707326703563,184,606851,3116.0
pressure,onset,15,-0.03020748796441803,-0.2318498565957311,0.2836758699527559,168,12332,52.0
pressure,polluted_persistence,15,-0.3313958316769802,-0.44942653017893147,-0.25614444493921007,184,256353,1220.0
pressure,clearance,15,0.4544373823746408,0.1906291902291565,0.6759987434608336,184,28853,138.5
pressure,clean_persistence,21,0.1202812599839314,0.07549316182738715,0.17288595984538058,184,606851,3116.0
pressure,onset,21,-0.026892381030315847,-0.24649609204716877,0.3199784644264854,168,12332,52.0
pressure,polluted_persistence,21,-0.3047117898596028,-0.41148254964246356,-0.2402027031777373,184,256353,1220.0
pressure,clearance,21,0.49829068768896534,0.25218243618589425,0.6935054571836163,184,28853,138.5
pressure,clean_persistence,27,0.1046431543298584,0.06837183285760833,0.15331708663358962,184,606851,3116.0
pressure,onset,27,0.011068536971240845,-0.2010976404118564,0.31707394440029457,168,12332,52.0
pressure,polluted_persistence,27,-0.2920079612655334,-0.3673435226489196,-0.21538201952855104,184,256353,1220.0
pressure,clearance,27,0.45597680261935625,0.2629025220722866,0.6365548647351648,184,28853,138.5
pressure,clean_persistence,33,0.09433471940017363,0.05795481975783005,0.1347793360202868,184,606851,3116.0
pressure,onset,33,0.02620606149634782,-0.17745055221330772,0.28125565505964695,168,12332,52.0
pressure,polluted_persistence,33,-0.24937163935536422,-0.32367545362432115,-0.18129902348477195,184,256353,1220.0
pressure,clearance,33,0.3923693271075618,0.27996782900584766,0.57775933698632,184,28853,138.5
pressure,clean_persistence,39,0.08190418393199109,0.05086287992933404,0.12200103202615713,184,606851,3116.0
pressure,onset,39,0.031371422134037236,-0.14504246459419162,0.2752030069737226,168,12332,52.0
pressure,polluted_persistence,39,-0.2195628482503697,-0.2978397953906041,-0.15138884745571532,184,256353,1220.0
pressure,clearance,39,0.356960916547733,0.22122295124234273,0.5019944536864944,184,28853,138.5
pressure,clean_persistence,45,0.0699042308703243,0.03293530092886608,0.11108835380771306,184,606851,3116.0
pressure,onset,45,0.06133765867849681,-0.14060489806860335,0.2972989429775043,168,12332,52.0
pressure,polluted_persistence,45,-0.1895495073930945,-0.2816897185118337,-0.12760557691708746,184,256353,1220.0
pressure,clearance,45,0.31365150102226463,0.1415467435672389,0.4648903111854844,184,28853,138.5
pressure,clean_persistence,51,0.061019260132902625,0.02403038071784023,0.10015100996462797,184,606851,3116.0
pressure,onset,51,0.06470952851530279,-0.16165039743345844,0.2727810608994855,168,12332,52.0
pressure,polluted_persistence,51,-0.16841715338404373,-0.27677383793791743,-0.0998442678397139,184,256353,1220.0
pressure,clearance,51,0.25026043612391446,0.1098350249567303,0.4063924939622155,184,28853,138.5
pressure,clean_persistence,57,0.055347743177599815,0.014460533974143857,0.09327057307314933,184,606851,3116.0
pressure,onset,57,0.041611329001802755,-0.12905241642037202,0.2307350610449539,168,12332,52.0
pressure,polluted_persistence,57,-0.15221892649556407,-0.2742010174527192,-0.07892484667854457,184,256353,1220.0
pressure,clearance,57,0.20608121079508157,0.09740337708863755,0.3662734553617424,184,28853,138.5
pressure,clean_persistence,63,0.04817794392512334,0.010118954824386931,0.08287741958416667,184,606851,3116.0
pressure,onset,63,0.02395403888224979,-0.1440929254693836,0.2056319314792902,168,12332,52.0
pressure,polluted_persistence,63,-0.1491553871525097,-0.27068568074646515,-0.06211696556573235,184,256353,1220.0
pressure,clearance,63,0.1926656416987551,0.09423295053423214,0.3394989756148722,184,28853,138.5
pressure,clean_persistence,69,0.040061123469508755,0.0021936645969709455,0.07402691474103924,184,606851,3116.0
pressure,onset,69,0.00312055724328514,-0.14726089580189194,0.19525905610952216,168,12332,52.0
pressure,polluted_persistence,69,-0.13598604501532663,-0.26646589138516436,-0.04791152753520284,184,256353,1220.0
pressure,clearance,69,0.1854382096353726,0.09066897674836696,0.31670393912174366,184,28853,138.5
pressure,clean_persistence,72,0.03695535344049184,-0.0010642253106946848,0.07021972800655005,184,606851,3116.0
pressure,onset,72,-0.015526281441955489,-0.13466361226081272,0.1805124265190341,168,12332,52.0
pressure,polluted_persistence,72,-0.13108035597169848,-0.26546945507055386,-0.046882653527499416,184,256353,1220.0
pressure,clearance,72,0.18282316129999465,0.0937098623198433,0.3418534448563806,184,28853,138.5
rh950,clean_persistence,-69,0.1100655604060293,0.060641781518545546,0.15664040112621655,184,606851,3116.0
rh950,onset,-69,0.03612521977365778,-0.10547394895666298,0.18176234271858457,168,12332,52.0
rh950,polluted_persistence,-69,-0.12643902278336155,-0.22703655271905038,-0.06179733657656289,184,256353,1220.0
rh950,clearance,-69,-0.06656445349851002,-0.19226306123426581,0.032795988936238155,184,28853,138.5
rh950,clean_persistence,-63,0.11789172125807147,0.06571134977309186,0.16762538994556508,184,606851,3116.0
rh950,onset,-63,0.05695273710936649,-0.09680636027150999,0.1830662841601771,168,12332,52.0
rh950,polluted_persistence,-63,-0.13103110941911805,-0.22605864857088265,-0.05747953889706477,184,256353,1220.0
rh950,clearance,-63,-0.03975953474180399,-0.18046008461401636,0.06414035911256215,184,28853,138.5
rh950,clean_persistence,-57,0.12807032599462265,0.0649586105910461,0.17864057870133113,184,606851,3116.0
rh950,onset,-57,0.06463404030694328,-0.09310365438875796,0.26432017487111803,168,12332,52.0
rh950,polluted_persistence,-57,-0.12271996121194784,-0.24215431696840356,-0.05089012461401836,184,256353,1220.0
rh950,clearance,-57,-0.006883963882662516,-0.14217665903495186,0.10361752142604586,184,28853,138.5
rh950,clean_persistence,-51,0.13199272391291766,0.07188091217092743,0.19079113664107006,184,606851,3116.0
rh950,onset,-51,0.09303411680006189,-0.07905650411683474,0.2973819000967547,168,12332,52.0
rh950,polluted_persistence,-51,-0.1269594710844244,-0.2462822851702906,-0.026019598049661915,184,256353,1220.0
rh950,clearance,-51,0.03281373825776813,-0.08398751772170664,0.14242984449806134,184,28853,138.5
rh950,clean_persistence,-45,0.1335481083601483,0.07162008368158103,0.2071623055825866,184,606851,3116.0
rh950,onset,-45,0.13352619497095575,-0.08233751258490382,0.3921037090927785,168,12332,52.0
rh950,polluted_persistence,-45,-0.12882918923763204,-0.26246393749301367,0.006166181385671909,184,256353,1220.0
rh950,clearance,-45,0.09595052649090566,-0.03486990125789328,0.20853022440632868,184,28853,138.5
rh950,clean_persistence,-39,0.13650481198984227,0.06187303087118136,0.22055086452303274,184,606851,3116.0
rh950,onset,-39,0.12563464246173361,-0.10601918749885318,0.4045071700084083,168,12332,52.0
rh950,polluted_persistence,-39,-0.11468386656025967,-0.2815638714212485,0.04597073007764856,184,256353,1220.0
rh950,clearance,-39,0.13553157423328738,-0.004973132362549473,0.2697860599923645,184,28853,138.5
rh950,clean_persistence,-33,0.14652663462113746,0.04720341422421073,0.22395596071913834,184,606851,3116.0
rh950,onset,-33,0.073715857129563,-0.1795172890731436,0.48493753416801877,168,12332,52.0
rh950,polluted_persistence,-33,-0.07987299652715599,-0.2777292402358069,0.09062157062235425,184,256353,1220.0
rh950,clearance,-33,0.17080921920141337,0.011702689886935128,0.37420164798868627,184,28853,138.5
rh950,clean_persistence,-27,0.14821021821448488,0.024282885863461497,0.23130749543701307,184,606851,3116.0
rh950,onset,-27,0.06757932894548097,-0.2599745756380501,0.5296254328075385,168,12332,52.0
rh950,polluted_persistence,-27,-0.06698164265278281,-0.2726965949075066,0.13920187402220735,184,256353,1220.0
rh950,clearance,-27,0.23781805196391792,0.02046600928577714,0.49790029932041535,184,28853,138.5
rh950,clean_persistence,-21,0.14247715034086256,-0.0035817071081678115,0.2383986972268891,184,606851,3116.0
rh950,onset,-21,0.01673407085942345,-0.30890017465697595,0.5215004930508013,168,12332,52.0
rh950,polluted_persistence,-21,-0.04408024574594353,-0.26662134063576287,0.18480286037978774,184,256353,1220.0
rh950,clearance,-21,0.3176067250793656,0.11757387381435586,0.5866690826501773,184,28853,138.5
rh950,clean_persistence,-15,0.13595361581036144,-0.03636755880568478,0.23217598798446853,184,606851,3116.0
rh950,onset,-15,-0.021756186970158915,-0.33191383937051044,0.5280862529693909,168,12332,52.0
rh950,polluted_persistence,-15,-0.015549616337555503,-0.2457285467592288,0.23251883530911438,184,256353,1220.0
rh950,clearance,-15,0.41828794605023256,0.20062935040162322,0.5966903401264851,184,28853,138.5
rh950,clean_persistence,-9,0.11925122635416796,-0.08273927608888318,0.2217018881803678,184,606851,3116.0
rh950,onset,-9,-0.04314222836762388,-0.3116043472439137,0.5186528869113045,168,12332,52.0
rh950,polluted_persistence,-9,0.007922188145115654,-0.22825331065016113,0.26813138791396024,184,256353,1220.0
rh950,clearance,-9,0.4239476327317321,0.25052053270514407,0.588195664949373,184,28853,138.5
rh950,clean_persistence,-3,0.10145101512079925,-0.10026423527242076,0.213943930153733,184,606851,3116.0
rh950,onset,-3,0.02867240758691466,-0.2880675023639863,0.4465541946828553,168,12332,52.0
rh950,polluted_persistence,-3,0.019690265923795924,-0.23022153893048863,0.28997933252928276,184,256353,1220.0
rh950,clearance,-3,0.35274953486590355,0.15285657574368783,0.5988628636394189,184,28853,138.5
rh950,clean_persistence,3,0.0987973955581925,-0.11739402095680161,0.19737972048944924,184,606851,3116.0
rh950,onset,3,0.03744870553585093,-0.2567130401823031,0.3693799003943665,168,12332,52.0
rh950,polluted_persistence,3,0.039764789796311546,-0.20723366293746848,0.32123410833874466,184,256353,1220.0
rh950,clearance,3,0.22803968682931033,-0.04529284440379129,0.5270271365416844,184,28853,138.5
rh950,clean_persistence,9,0.07781623260963783,-0.13960007295232857,0.18188965267814244,184,606851,3116.0
rh950,onset,9,0.0762700375195603,-0.194985732572887,0.28443698526539996,168,12332,52.0
rh950,polluted_persistence,9,0.05246582936276399,-0.17937746238796992,0.33137557385662797,184,256353,1220.0
rh950,clearance,9,0.09766153284222741,-0.21184968845039429,0.4798307950323826,184,28853,138.5
rh950,clean_persistence,15,0.053821513521124034,-0.14491272026544996,0.16793080893529094,184,606851,3116.0
rh950,onset,15,0.06283606138725588,-0.15874461896822323,0.2490916715907397,168,12332,52.0
rh950,polluted_persistence,15,0.0676549732718095,-0.14047327035800344,0.32840159325370655,184,256353,1220.0
rh950,clearance,15,0.0166242656722111,-0.3060387009319166,0.37341709639725235,184,28853,138.5
rh950,clean_persistence,21,0.035287557698819416,-0.14746646071702715,0.14473727330099662,184,606851,3116.0
rh950,onset,21,0.035466925661273976,-0.13884693065842219,0.21260340178232773,168,12332,52.0
rh950,polluted_persistence,21,0.07109946734356193,-0.09880315729675225,0.31308951771295707,184,256353,1220.0
rh950,clearance,21,-0.0653870273450523,-0.3394823625827096,0.2764163398178586,184,28853,138.5
rh950,clean_persistence,27,0.024886920620553515,-0.14007494593457706,0.12272121905299595,184,606851,3116.0
rh950,onset,27,-0.04445105831720508,-0.20112622814159248,0.1422640259748982,168,12332,52.0
rh950,polluted_persistence,27,0.07170735286360358,-0.08278432931070626,0.28201908588950186,184,256353,1220.0
rh950,clearance,27,-0.1141396958387208,-0.3277727450965453,0.24208578976461445,184,28853,138.5
rh950,clean_persistence,33,0.019194389049832703,-0.13037141097048197,0.1091320975507448,184,606851,3116.0
rh950,onset,33,-0.08729186875342293,-0.24197599079183613,0.08158221629540857,168,12332,52.0
rh950,polluted_persistence,33,0.0762323071503474,-0.06625915605469741,0.24945155730046245,184,256353,1220.0
rh950,clearance,33,-0.12378939834088679,-0.29948343057206883,0.25652767870379123,184,28853,138.5
rh950,clean_persistence,39,0.014356442761696966,-0.1194476508864588,0.08933700605723091,184,606851,3116.0
rh950,onset,39,-0.09190311985997154,-0.25394663579600507,0.11390670007824874,168,12332,52.0
rh950,polluted_persistence,39,0.07610692054767353,-0.0435257477060157,0.2275106463980881,184,256353,1220.0
rh950,clearance,39,-0.10478295115102532,-0.2945854632687976,0.27316363328148624,184,28853,138.5
rh950,clean_persistence,45,0.01067516045679259,-0.11054677671679156,0.07010257720121732,184,606851,3116.0
rh950,onset,45,-0.10616522002115346,-0.24757206511396534,0.11362524712169793,168,12332,52.0
rh950,polluted_persistence,45,0.08643298702578198,-0.01916273279636496,0.2078615316163708,184,256353,1220.0
rh950,clearance,45,-0.07718409268898713,-0.27304833091341596,0.24704528584330943,184,28853,138.5
rh950,clean_persistence,51,0.00015742390842904354,-0.10188235589017539,0.05800206433858869,184,606851,3116.0
rh950,onset,51,-0.05254312427072741,-0.23240678988761732,0.12487794764498265,168,12332,52.0
rh950,polluted_persistence,51,0.08016312681862009,-0.004290474469024227,0.19690406679583097,184,256353,1220.0
rh950,clearance,51,-0.052642374409146764,-0.22475299982377142,0.2385383389657108,184,28853,138.5
rh950,clean_persistence,57,-0.0023397864252330232,-0.09120931768847085,0.0452107679608177,184,606851,3116.0
rh950,onset,57,0.00017674794337983572,-0.19841589294748554,0.13922463307093208,168,12332,52.0
rh950,polluted_persistence,57,0.09786028594598546,0.012154214313831508,0.18810417925922318,184,256353,1220.0
rh950,clearance,57,-0.030057599561875148,-0.2392486760099977,0.17926972233364802,184,28853,138.5
rh950,clean_persistence,63,-0.006790178759125449,-0.08235136867673394,0.03831157982944293,184,606851,3116.0
rh950,onset,63,-0.005920130596575909,-0.16747586717774587,0.15825055550757905,168,12332,52.0
rh950,polluted_persistence,63,0.10430197728055873,0.024638980349756173,0.17797831801224245,184,256353,1220.0
rh950,clearance,63,-0.02429922214281479,-0.23595233336184962,0.1468228464664713,184,28853,138.5
rh950,clean_persistence,69,-0.012605455213160102,-0.06705913184425014,0.032170502990125284,184,606851,3116.0
rh950,onset,69,0.018387757278304825,-0.1590436779927456,0.15157540484650278,168,12332,52.0
rh950,polluted_persistence,69,0.11457198909950334,0.03956672232545588,0.16947848744055224,184,256353,1220.0
rh950,clearance,69,-0.05756642113814625,-0.2347303930513426,0.11029935949242047,184,28853,138.5
rh950,clean_persistence,72,-0.014998213812469267,-0.06345588924352344,0.032941380344751435,184,606851,3116.0
rh950,onset,72,0.011510512590847958,-0.1377498081377606,0.1571784203624253,168,12332,52.0
rh950,polluted_persistence,72,0.12214845252851697,0.04171332755986144,0.16870502155994327,184,256353,1220.0
rh950,clearance,72,-0.055346109493580556,-0.23009571559250258,0.0823204728751401,184,28853,138.5
wind_speed,clean_persistence,-69,0.03956086403853845,0.010000097638051196,0.07916324746139178,184,606851,3116.0
wind_speed,onset,-69,0.1271636046144203,-0.014716323455968114,0.2594467541365059,168,12332,52.0
wind_speed,polluted_persistence,-69,-0.10451177370220294,-0.18491186669420054,-0.04107565966195662,184,256353,1220.0
wind_speed,clearance,-69,-0.16034866669492276,-0.265291653046073,-0.07989811506880602,184,28853,138.5
wind_speed,clean_persistence,-63,0.06249932687782675,0.02688656183680614,0.09583244779186928,184,606851,3116.0
wind_speed,onset,-63,0.15618083954523607,0.017748060844442116,0.3029704491917763,168,12332,52.0
wind_speed,polluted_persistence,-63,-0.1321510195193107,-0.21581675335271533,-0.06569170997624604,184,256353,1220.0
wind_speed,clearance,-63,-0.189557966706506,-0.28257207522867644,-0.09296962056228025,184,28853,138.5
wind_speed,clean_persistence,-57,0.09101886626515042,0.05146897920155324,0.1261528332389045,184,606851,3116.0
wind_speed,onset,-57,0.2136990237857394,0.019172344107912718,0.3671967117956503,168,12332,52.0
wind_speed,polluted_persistence,-57,-0.17004402498401852,-0.23991941070793882,-0.10388420269514897,184,256353,1220.0
wind_speed,clearance,-57,-0.2231112513863826,-0.28798283544352443,-0.13127485915656611,184,28853,138.5
wind_speed,clean_persistence,-51,0.12251087997385623,0.06265295677024138,0.16251728417639713,184,606851,3116.0
wind_speed,onset,-51,0.2600028184525619,0.06668295801627888,0.4703656280391705,168,12332,52.0
wind_speed,polluted_persistence,-51,-0.20783797107591512,-0.268020593953605,-0.137007202048967,184,256353,1220.0
wind_speed,clearance,-51,-0.23399493887589234,-0.33106534134412535,-0.13719503584720794,184,28853,138.5
wind_speed,clean_persistence,-45,0.15103439259128076,0.0824181845400205,0.20247938556178255,184,606851,3116.0
wind_speed,onset,-45,0.31183742201866466,0.09734572638181302,0.5165353390165055,168,12332,52.0
wind_speed,polluted_persistence,-45,-0.2358459483493761,-0.2980466009016963,-0.17128910631227265,184,256353,1220.0
wind_speed,clearance,-45,-0.256487875028904,-0.3636840452814989,-0.14961994435182852,184,28853,138.5
wind_speed,clean_persistence,-39,0.19331609066876776,0.11577567606384256,0.2509726045295526,184,606851,3116.0
wind_speed,onset,-39,0.37764737624168054,0.1276369494909612,0.5860769124363966,168,12332,52.0
wind_speed,polluted_persistence,-39,-0.2672868573053603,-0.32856245213963503,-0.20037236353534663,184,256353,1220.0
wind_speed,clearance,-39,-0.26407893866110843,-0.3839988248686197,-0.13092539458022245,184,28853,138.5
wind_speed,clean_persistence,-33,0.2344458735115797,0.1439790715125457,0.3092130016233995,184,606851,3116.0
wind_speed,onset,-33,0.485575675556037,0.18623763456317463,0.6966248275474478,168,12332,52.0
wind_speed,polluted_persistence,-33,-0.3019179233466714,-0.3696181558542826,-0.2243512031570207,184,256353,1220.0
wind_speed,clearance,-33,-0.21612465671889608,-0.36461009284713297,-0.1190605578982709,184,28853,138.5
wind_speed,clean_persistence,-27,0.2786394032628785,0.16963904271274022,0.3684118564212802,184,606851,3116.0
wind_speed,onset,-27,0.5270532330557839,0.20566937264583068,0.7379617793395947,168,12332,52.0
wind_speed,polluted_persistence,-27,-0.3129589992922163,-0.3914184268304567,-0.23540107918122,184,256353,1220.0
wind_speed,clearance,-27,-0.21124857154028484,-0.3465690423048791,-0.11027687484731175,184,28853,138.5
wind_speed,clean_persistence,-21,0.30563843201318047,0.18540845956255508,0.4092079652037834,184,606851,3116.0
wind_speed,onset,-21,0.4114859458444061,0.17645055545626792,0.5938925195031688,168,12332,52.0
wind_speed,polluted_persistence,-21,-0.3192730862345775,-0.400948301125972,-0.23968625065363808,184,256353,1220.0
wind_speed,clearance,-21,-0.1886121107440617,-0.3197115699887219,-0.06993831456527137,184,28853,138.5
wind_speed,clean_persistence,-15,0.30906633175524784,0.17894992699783932,0.4225245391781813,184,606851,3116.0
wind_speed,onset,-15,0.19128283577402933,0.024234395260097415,0.36322617882529484,168,12332,52.0
wind_speed,polluted_persistence,-15,-0.3209717332464933,-0.4111982548703572,-0.24302129870180242,184,256353,1220.0
wind_speed,clearance,-15,-0.016416451477838497,-0.13843175262648527,0.1098987957848314,184,28853,138.5
wind_speed,clean_persistence,-9,0.2883609866066039,0.16272050010803107,0.39421056415944894,184,606851,3116.0
wind_speed,onset,-9,0.02646660146147075,-0.16667243329859027,0.2294392005609829,168,12332,52.0
wind_speed,polluted_persistence,-9,-0.32056388200917474,-0.41281851628481825,-0.23300727933352924,184,256353,1220.0
wind_speed,clearance,-9,0.3432162413489158,0.17513919048060264,0.5041482641214401,184,28853,138.5
wind_speed,clean_persistence,-3,0.2499114708438591,0.12660686847593733,0.34928872459786003,184,606851,3116.0
wind_speed,onset,-3,-0.02722852548455675,-0.21125999529686162,0.19783748876400511,168,12332,52.0
wind_speed,polluted_persistence,-3,-0.3160322303745231,-0.41599623347074066,-0.22933594074504993,184,256353,1220.0
wind_speed,clearance,-3,0.7863085324941483,0.5628089711841101,1.0143663668995861,184,28853,138.5
wind_speed,clean_persistence,3,0.20264982508939197,0.08418075345338667,0.30944780462613075,184,606851,3116.0
wind_speed,onset,3,-0.03627017142801481,-0.25723778282461945,0.19740170868649684,168,12332,52.0
wind_speed,polluted_persistence,3,-0.29211169343023813,-0.3899047806939671,-0.2114290246806756,184,256353,1220.0
wind_speed,clearance,3,1.0202163507892164,0.8143727474983348,1.2742224858032658,184,28853,138.5
wind_speed,clean_persistence,9,0.15940749400067702,0.048798877153913144,0.2668178752316212,184,606851,3116.0
wind_speed,onset,9,-0.11543493384653383,-0.2968876586850723,0.17218209001182344,168,12332,52.0
wind_speed,polluted_persistence,9,-0.233386078823194,-0.32574440807177574,-0.1615598355509153,184,256353,1220.0
wind_speed,clearance,9,0.8795466909696712,0.6691533491832595,1.098326864315999,184,28853,138.5
wind_speed,clean_persistence,15,0.12445913198618697,0.019824878736815005,0.21504862343365416,184,606851,3116.0
wind_speed,onset,15,-0.13849857149458605,-0.30053504507460316,0.06523896955557076,168,12332,52.0
wind_speed,polluted_persistence,15,-0.154149622164922,-0.23300001341300478,-0.09697852118747341,184,256353,1220.0
wind_speed,clearance,15,0.5915656806830174,0.43399914975193565,0.8270051834725738,184,28853,138.5
wind_speed,clean_persistence,21,0.08791084081860503,-0.0034559499990937555,0.16112123099728837,184,606851,3116.0
wind_speed,onset,21,-0.13528682796058203,-0.2594769611848327,0.019983725981886025,168,12332,52.0
wind_speed,polluted_persistence,21,-0.08013414185477707,-0.14474215815330155,-0.03471948654490384,184,256353,1220.0
wind_speed,clearance,21,0.36792319419391084,0.19340000048648512,0.5640386186782107,184,28853,138.5
wind_speed,clean_persistence,27,0.05794179018360898,-0.020401454510622093,0.11066262668985746,184,606851,3116.0
wind_speed,onset,27,-0.09971773776862278,-0.22573795863552307,0.07521480104058541,168,12332,52.0
wind_speed,polluted_persistence,27,-0.03006250304187563,-0.07535618792167481,0.022032229514104214,184,256353,1220.0
wind_speed,clearance,27,0.2054183810892109,0.06200339574242038,0.3827760626757085,184,28853,138.5
wind_speed,clean_persistence,33,0.025145399594504233,-0.02254539017238466,0.07516045539817534,184,606851,3116.0
wind_speed,onset,33,-0.10361368640944917,-0.24675515669433612,0.0646193582125755,168,12332,52.0
wind_speed,polluted_persistence,33,0.00691862130005815,-0.04071461678874648,0.04848752912011084,184,256353,1220.0
wind_speed,clearance,33,0.11660541256663556,0.017882298911086378,0.2618367275444761,184,28853,138.5
wind_speed,clean_persistence,39,0.012744823437313226,-0.025751403689674025,0.05337496347220713,184,606851,3116.0
wind_speed,onset,39,-0.090800296034005,-0.19892591540915913,0.060674494371491826,168,12332,52.0
wind_speed,polluted_persistence,39,0.02562346261520823,-0.028676472713738733,0.06054497872079458,184,256353,1220.0
wind_speed,clearance,39,0.05452747657428522,-0.0576294497721245,0.18684642501265342,184,28853,138.5
wind_speed,clean_persistence,45,0.004388651098214654,-0.02811422565324316,0.03653543341581682,184,606851,3116.0
wind_speed,onset,45,-0.06276160821116125,-0.17764818372899915,0.06510240200495768,168,12332,52.0
wind_speed,polluted_persistence,45,0.03215582178663978,-0.014596114200882105,0.07424429166911231,184,256353,1220.0
wind_speed,clearance,45,0.026815070357213824,-0.10351400617825857,0.13380420825397482,184,28853,138.5
wind_speed,clean_persistence,51,-0.0018873911994935063,-0.035747534650168264,0.025512771284174472,184,606851,3116.0
wind_speed,onset,51,-0.025071113767294487,-0.1869501376891957,0.11017141003032913,168,12332,52.0
wind_speed,polluted_persistence,51,0.037881379689427425,-0.008935299577923765,0.08386636679541745,184,256353,1220.0
wind_speed,clearance,51,0.0011763184514963988,-0.13159728462018117,0.10221209435472581,184,28853,138.5
wind_speed,clean_persistence,57,-0.0091264228138489,-0.0390471901678935,0.017433113486795337,184,606851,3116.0
wind_speed,onset,57,-0.03430639400165486,-0.19525985990689804,0.10984994577253625,168,12332,52.0
wind_speed,polluted_persistence,57,0.03751025983346728,-0.0061229853418433245,0.0852759696962164,184,256353,1220.0
wind_speed,clearance,57,-0.013218634793613116,-0.13038986911957293,0.08420608636834676,184,28853,138.5
wind_speed,clean_persistence,63,-0.014150267967546468,-0.041732736352726625,0.013730351194425987,184,606851,3116.0
wind_speed,onset,63,-0.0504649252026091,-0.18771908480172989,0.11071576886796977,168,12332,52.0
wind_speed,polluted_persistence,63,0.03539938842294406,-0.0025184869771753397,0.0831939002278428,184,256353,1220.0
wind_speed,clearance,63,-0.03001246867081242,-0.13333637398320522,0.09672430860549758,184,28853,138.5
wind_speed,clean_persistence,69,-0.015555410314999683,-0.041668257470038994,0.010944950939220082,184,606851,3116.0
wind_speed,onset,69,-0.041656755462559425,-0.17522123074352836,0.1101697039911814,168,12332,52.0
wind_speed,polluted_persistence,69,0.040478123848970385,0.0011470806954786625,0.08605588954762143,184,256353,1220.0
wind_speed,clearance,69,-0.027097181597095413,-0.14080822641309598,0.05524195688714095,184,28853,138.5
wind_speed,clean_persistence,72,-0.01355888842656322,-0.044916414019656604,0.011387880615395314,184,606851,3116.0
wind_speed,onset,72,-0.03376352726581145,-0.1620383100187341,0.0944782017520753,168,12332,52.0
wind_speed,polluted_persistence,72,0.04455000427615126,0.0014387564847629724,0.08907820591396137,184,256353,1220.0
wind_speed,clearance,72,-0.03310933995466799,-0.12953834611407616,0.05762026463205234,184,28853,138.5
pbl,clean_persistence,-69,-0.006415537712713158,-0.03155393364503526,0.0196558472426185,184,606851,3116.0
pbl,onset,-69,0.05797227089500169,-0.06001380650995285,0.17817097115859848,168,12332,52.0
pbl,polluted_persistence,-69,-0.07321411277642433,-0.1283208529388596,-0.028710346722323206,184,256353,1220.0
pbl,clearance,-69,-0.20105130854483705,-0.28489341700468185,-0.13528666810565598,184,28853,138.5
pbl,clean_persistence,-63,0.003549902967465924,-0.02221003912185341,0.028782534077114837,184,606851,3116.0
pbl,onset,-63,0.08719363209949191,-0.04206591128484721,0.18896979250743534,168,12332,52.0
pbl,polluted_persistence,-63,-0.0971281045973941,-0.15005519188299646,-0.05784506448069633,184,256353,1220.0
pbl,clearance,-63,-0.20534016740350788,-0.2767668322004262,-0.12424936099840392,184,28853,138.5
pbl,clean_persistence,-57,0.012670472983351402,-0.01085397479273337,0.0418795617052191,184,606851,3116.0
pbl,onset,-57,0.09864801197236292,-0.024816248559775683,0.21403153192652374,168,12332,52.0
pbl,polluted_persistence,-57,-0.12869956872165456,-0.17883160151717184,-0.09260809300183777,184,256353,1220.0
pbl,clearance,-57,-0.2089077741119841,-0.2993340049816592,-0.11453925933089205,184,28853,138.5
pbl,clean_persistence,-51,0.03145064808108369,0.01035599758363706,0.06320240597277707,184,606851,3116.0
pbl,onset,-51,0.11855962559433064,-0.05815668944121505,0.24686954354337093,168,12332,52.0
pbl,polluted_persistence,-51,-0.1683651682292526,-0.22232002552972735,-0.12549893288681913,184,256353,1220.0
pbl,clearance,-51,-0.21947316252358062,-0.3280601874915286,-0.14339384440681513,184,28853,138.5
pbl,clean_persistence,-45,0.05035894469429249,0.02474133727312959,0.0899391780077352,184,606851,3116.0
pbl,onset,-45,0.16830692517346907,-0.036403711619165356,0.32144882252621476,168,12332,52.0
pbl,polluted_persistence,-45,-0.19730138657870588,-0.26349290062575326,-0.1488108369009834,184,256353,1220.0
pbl,clearance,-45,-0.2768905550966947,-0.3714894962209509,-0.20142137853274295,184,28853,138.5
pbl,clean_persistence,-39,0.07888371619184759,0.03804496440173599,0.12172962682122157,184,606851,3116.0
pbl,onset,-39,0.2895421122864118,0.029552704859622886,0.4747809348674223,168,12332,52.0
pbl,polluted_persistence,-39,-0.22175501446730533,-0.28925053231127884,-0.17081660629649612,184,256353,1220.0
pbl,clearance,-39,-0.2894350385668334,-0.3985459589970117,-0.19138824011227665,184,28853,138.5
pbl,clean_persistence,-33,0.10859465077168655,0.05162991575613243,0.1642453262737625,184,606851,3116.0
pbl,onset,-33,0.3743233338944998,0.10216294552955561,0.5513630908059528,168,12332,52.0
pbl,polluted_persistence,-33,-0.24503888693965953,-0.3261593186039339,-0.18405083879908757,184,256353,1220.0
pbl,clearance,-33,-0.270740283056388,-0.3752165738047895,-0.15274201033428425,184,28853,138.5
pbl,clean_persistence,-27,0.13815020564375224,0.07181348189768053,0.22169737539236228,184,606851,3116.0
pbl,onset,-27,0.34211074644223416,0.08384752443338686,0.5350658581305048,168,12332,52.0
pbl,polluted_persistence,-27,-0.2702570528051936,-0.3581770795979152,-0.21042326434820793,184,256353,1220.0
pbl,clearance,-27,-0.2925775720665832,-0.411016478553463,-0.16284109865636875,184,28853,138.5
pbl,clean_persistence,-21,0.1671040965901911,0.09678479875829184,0.2663804470993235,184,606851,3116.0
pbl,onset,-21,0.27226492396034396,-0.02063106337479218,0.45312136420355453,168,12332,52.0
pbl,polluted_persistence,-21,-0.27855407110205166,-0.38612807481692324,-0.22220263400556178,184,256353,1220.0
pbl,clearance,-21,-0.29920231537728503,-0.4115736556127406,-0.2029244402557372,184,28853,138.5
pbl,clean_persistence,-15,0.18965356340000994,0.10230298364204271,0.2927827693624334,184,606851,3116.0
pbl,onset,-15,0.15290841540431166,-0.004450076675463813,0.3441962598400022,168,12332,52.0
pbl,polluted_persistence,-15,-0.2816616200302986,-0.3904101664436167,-0.21782534347891017,184,256353,1220.0
pbl,clearance,-15,-0.2139295848208225,-0.32556677145059987,-0.11090351743469223,184,28853,138.5
pbl,clean_persistence,-9,0.18437180862247196,0.09141517000636312,0.280531176395829,184,606851,3116.0
pbl,onset,-9,0.0659594452005503,-0.10066306431865421,0.23063633422752586,168,12332,52.0
pbl,polluted_persistence,-9,-0.2765003245990524,-0.3990448866270458,-0.2122733037631682,184,256353,1220.0
pbl,clearance,-9,0.03253553532340828,-0.10897561803398507,0.13404060145328334,184,28853,138.5
pbl,clean_persistence,-3,0.1697662321735504,0.07969550930774716,0.26900283950642395,184,606851,3116.0
pbl,onset,-3,-0.017883403289217458,-0.16922335193081112,0.14846832788982212,168,12332,52.0
pbl,polluted_persistence,-3,-0.2780144066884134,-0.40266089072349903,-0.21905668675269963,184,256353,1220.0
pbl,clearance,-3,0.3529103105774637,0.15388341091167923,0.5174066276430592,184,28853,138.5
pbl,clean_persistence,3,0.15121567760946103,0.0692074922002778,0.23729663223883038,184,606851,3116.0
pbl,onset,3,-0.10924046147421851,-0.27665471746821313,0.13465698081241867,168,12332,52.0
pbl,polluted_persistence,3,-0.2720083773141212,-0.3976852862712204,-0.20737297402188332,184,256353,1220.0
pbl,clearance,3,0.5980719183797627,0.4370896676193542,0.8424991305747777,184,28853,138.5
pbl,clean_persistence,9,0.13575358904178886,0.05945170142455337,0.21259600491773617,184,606851,3116.0
pbl,onset,9,-0.10305536462396045,-0.31195452170781873,0.16112639899587627,168,12332,52.0
pbl,polluted_persistence,9,-0.24536767218455063,-0.3692707139932869,-0.18571055595583322,184,256353,1220.0
pbl,clearance,9,0.6501547425853667,0.48212941300860934,0.8135271585919552,184,28853,138.5
pbl,clean_persistence,15,0.12034375869954717,0.04636227760472717,0.185554848172714,184,606851,3116.0
pbl,onset,15,-0.1452604944455228,-0.30342532966696,0.10462164362309621,168,12332,52.0
pbl,polluted_persistence,15,-0.20922875540843988,-0.32451674327374,-0.1477410435760152,184,256353,1220.0
pbl,clearance,15,0.5548330850110654,0.4050127122021202,0.6684392651212092,184,28853,138.5
pbl,clean_persistence,21,0.09272737393742972,0.03513178860830729,0.14129270571874086,184,606851,3116.0
pbl,onset,21,-0.13522329467684846,-0.3005812576174666,0.08323188473325552,168,12332,52.0
pbl,polluted_persistence,21,-0.1760421334174177,-0.26447925059574645,-0.10732136094435132,184,256353,1220.0
pbl,clearance,21,0.40010414572020075,0.29831223514480265,0.5359322018903511,184,28853,138.5
pbl,clean_persistence,27,0.061207217915902404,0.01667670177947946,0.10157747698409934,184,606851,3116.0
pbl,onset,27,-0.08935108900932262,-0.22492792397464278,0.07905331524419537,168,12332,52.0
pbl,polluted_persistence,27,-0.13122742262028322,-0.20461675735748483,-0.06886357552292025,184,256353,1220.0
pbl,clearance,27,0.3122301358909577,0.19767996503561092,0.4238425722639161,184,28853,138.5
pbl,clean_persistence,33,0.0460199215836927,0.010593808817963672,0.08107238705734021,184,606851,3116.0
pbl,onset,33,-0.10385908483418058,-0.18209932115702268,0.012301796558936536,168,12332,52.0
pbl,polluted_persistence,33,-0.1001915499943742,-0.16998803746750324,-0.042663568178935504,184,256353,1220.0
pbl,clearance,33,0.20475714913375423,0.12339296483519277,0.3070084766080091,184,28853,138.5
pbl,clean_persistence,39,0.03335604188598171,0.006982964740838565,0.06665613504564198,184,606851,3116.0
pbl,onset,39,-0.09995423113632904,-0.2064162687254745,-0.01583449114868701,168,12332,52.0
pbl,polluted_persistence,39,-0.07094530401361838,-0.12850220548181765,-0.02789577095677599,184,256353,1220.0
pbl,clearance,39,0.14926201571207573,0.05302913203496564,0.25321537493543017,184,28853,138.5
pbl,clean_persistence,45,0.0227410041018382,-2.7536426852809164e-05,0.053347204270126146,184,606851,3116.0
pbl,onset,45,-0.08992766372064603,-0.1949696193894842,0.04559941350721274,168,12332,52.0
pbl,polluted_persistence,45,-0.052845449909991585,-0.09720641632534767,-0.008803247016304899,184,256353,1220.0
pbl,clearance,45,0.09132533175000536,0.0012762210902501452,0.17976962161236487,184,28853,138.5
pbl,clean_persistence,51,0.013169453238125578,-0.008361834691673953,0.03977003039270397,184,606851,3116.0
pbl,onset,51,-0.06731215269201657,-0.1887101349790944,0.06760656013450303,168,12332,52.0
pbl,polluted_persistence,51,-0.04005089617154123,-0.08767054220419554,0.0019653614458613484,184,256353,1220.0
pbl,clearance,51,0.06532860160769316,-0.0195474309899915,0.15156171774613567,184,28853,138.5
pbl,clean_persistence,57,0.0121844121693115,-0.01627232102597819,0.03235707563219543,184,606851,3116.0
pbl,onset,57,-0.08099218932390609,-0.2167336902804977,0.025303788744346713,168,12332,52.0
pbl,polluted_persistence,57,-0.03600848766834033,-0.0762871011010473,0.005965326412731374,184,256353,1220.0
pbl,clearance,57,0.04413309526373639,-0.04547838139265245,0.1219014750968025,184,28853,138.5
pbl,clean_persistence,63,0.006340511036047677,-0.021448971740118863,0.027315965808785484,184,606851,3116.0
pbl,onset,63,-0.1120194736416989,-0.20239905842912306,0.0009140144145684265,168,12332,52.0
pbl,polluted_persistence,63,-0.026390881619381464,-0.06665424169091785,0.005338794655862644,184,256353,1220.0
pbl,clearance,63,0.034883247950813906,-0.0808292181017703,0.13174893613643404,184,28853,138.5
pbl,clean_persistence,69,0.00021903972337061753,-0.02596433202065576,0.02578194220038424,184,606851,3116.0
pbl,onset,69,-0.06046443559701574,-0.17009835643570867,0.040377174015837125,168,12332,52.0
pbl,polluted_persistence,69,-0.02017491400850919,-0.061935189135495845,0.010824897722335474,184,256353,1220.0
pbl,clearance,69,0.025544749247792993,-0.06919108924013245,0.14056655186228323,184,28853,138.5
pbl,clean_persistence,72,-0.002948133555558085,-0.029082701288579482,0.021549151653770138,184,606851,3116.0
pbl,onset,72,-0.043851806805441,-0.17083031977470012,0.059487387312232576,168,12332,52.0
pbl,polluted_persistence,72,-0.015510311379533726,-0.05412139939843061,0.01225658432513078,184,256353,1220.0
pbl,clearance,72,0.02358640902282556,-0.06242848718433715,0.14184348368999122,184,28853,138.5
ventilation,clean_persistence,-69,0.015656870139181118,-0.011573849049808443,0.050861967967177804,184,606851,3116.0
ventilation,onset,-69,0.09934699045330872,-0.04125607362485244,0.24552829021724004,168,12332,52.0
ventilation,polluted_persistence,-69,-0.09004555785742976,-0.16064551857163473,-0.035979360504020015,184,256353,1220.0
ventilation,clearance,-69,-0.20006251686901644,-0.2900684585153321,-0.13780866435422973,184,28853,138.5
ventilation,clean_persistence,-63,0.03509223473384591,0.0006529122311937899,0.06497444408663026,184,606851,3116.0
ventilation,onset,-63,0.12015787098814648,-0.02725837112595483,0.25195422404607093,168,12332,52.0
ventilation,polluted_persistence,-63,-0.12895795481153477,-0.1842245356579132,-0.07024513165167387,184,256353,1220.0
ventilation,clearance,-63,-0.22054411980590433,-0.305592819100525,-0.14953444599620813,184,28853,138.5
ventilation,clean_persistence,-57,0.05843283494356486,0.022635756379864327,0.09486935603664462,184,606851,3116.0
ventilation,onset,-57,0.16146954605058933,-0.01080087830757292,0.28943209998512226,168,12332,52.0
ventilation,polluted_persistence,-57,-0.16097723897202695,-0.21111119160597297,-0.1095685497203735,184,256353,1220.0
ventilation,clearance,-57,-0.24337527869981856,-0.3125708943567907,-0.16406845711026286,184,28853,138.5
ventilation,clean_persistence,-51,0.08022667487434607,0.044061460858919724,0.13097346529031562,184,606851,3116.0
ventilation,onset,-51,0.19484182716477225,-0.011473107097340706,0.41893562568419873,168,12332,52.0
ventilation,polluted_persistence,-51,-0.19245307869081796,-0.2584515114730731,-0.1422637336924529,184,256353,1220.0
ventilation,clearance,-51,-0.2594293217078557,-0.34034747757715655,-0.17055361264855848,184,28853,138.5
ventilation,clean_persistence,-45,0.1174083083261418,0.07140668485468737,0.16561651279733772,184,606851,3116.0
ventilation,onset,-45,0.24825494667161094,0.05533435400238759,0.44016539150469514,168,12332,52.0
ventilation,polluted_persistence,-45,-0.2199751449942547,-0.29432745834648194,-0.168286053846382,184,256353,1220.0
ventilation,clearance,-45,-0.29230614309265557,-0.37163275520567085,-0.19637087263561037,184,28853,138.5
ventilation,clean_persistence,-39,0.1530063341121763,0.0901130493013666,0.21058825735684308,184,606851,3116.0
ventilation,onset,-39,0.3710518419014778,0.07813647300274222,0.6062008890627041,168,12332,52.0
ventilation,polluted_persistence,-39,-0.2526034319206333,-0.323742488785208,-0.19850124386404672,184,256353,1220.0
ventilation,clearance,-39,-0.29874917481105967,-0.38603611920032904,-0.198249874997783,184,28853,138.5
ventilation,clean_persistence,-33,0.19933814188248444,0.11628460019729626,0.26768451516592506,184,606851,3116.0
ventilation,onset,-33,0.4233218059599648,0.10467025640243073,0.6849950554120869,168,12332,52.0
ventilation,polluted_persistence,-33,-0.2750767311736143,-0.3493266942078459,-0.21914435872921043,184,256353,1220.0
ventilation,clearance,-33,-0.26364341332959096,-0.3755112221039991,-0.1577140848885436,184,28853,138.5
ventilation,clean_persistence,-27,0.24071525810470726,0.15245661621742046,0.32534612657086837,184,606851,3116.0
ventilation,onset,-27,0.41531932660860993,0.11252450900237143,0.6627805239717184,168,12332,52.0
ventilation,polluted_persistence,-27,-0.2940222011963735,-0.3713915389808419,-0.23426552631792175,184,256353,1220.0
ventilation,clearance,-27,-0.28288512468682203,-0.38098911864464075,-0.16148273814776481,184,28853,138.5
ventilation,clean_persistence,-21,0.2784696632091463,0.1750677553637044,0.38467692413897836,184,606851,3116.0
ventilation,onset,-21,0.3011175434343548,0.008137953951347723,0.5188550426602646,168,12332,52.0
ventilation,polluted_persistence,-21,-0.2986641936928378,-0.4051751837629788,-0.23029084611275724,184,256353,1220.0
ventilation,clearance,-21,-0.2692478727693303,-0.3693197469600787,-0.18635273677612857,184,28853,138.5
ventilation,clean_persistence,-15,0.29598846212701124,0.18690276090619418,0.40690289545627184,184,606851,3116.0
ventilation,onset,-15,0.12064616130996605,-0.031056124761803146,0.29459843115937123,168,12332,52.0
ventilation,polluted_persistence,-15,-0.29880030547451664,-0.41459544911236307,-0.2305478902515627,184,256353,1220.0
ventilation,clearance,-15,-0.13949365319672516,-0.25457989756427796,-0.02891324745426867,184,28853,138.5
ventilation,clean_persistence,-9,0.283878224865201,0.17652607817421045,0.3887492740298513,184,606851,3116.0
ventilation,onset,-9,-5.568953846710656e-05,-0.14474370339764103,0.18942980623484879,168,12332,52.0
ventilation,polluted_persistence,-9,-0.30051553732751346,-0.42506261662365846,-0.2325040177776737,184,256353,1220.0
ventilation,clearance,-9,0.18981085218948573,0.00412383242463715,0.3431119199085686,184,28853,138.5
ventilation,clean_persistence,-3,0.25188290178936446,0.15502202615652597,0.3601821011454054,184,606851,3116.0
ventilation,onset,-3,-0.04532636956728743,-0.2180519364568058,0.16744779865470524,168,12332,52.0
ventilation,polluted_persistence,-3,-0.2881055018810309,-0.42869810998394975,-0.22833728245264315,184,256353,1220.0
ventilation,clearance,-3,0.60697853423111,0.3643317117389132,0.8521139306879266,184,28853,138.5
ventilation,clean_persistence,3,0.22074621735289848,0.11335409782310867,0.3088601163607,184,606851,3116.0
ventilation,onset,3,-0.05339655130864056,-0.3025501653318764,0.2438135238322386,168,12332,52.0
ventilation,polluted_persistence,3,-0.2730957667340653,-0.41152783274454974,-0.21688330130061856,184,256353,1220.0
ventilation,clearance,3,0.9220143090903826,0.6454051448595466,1.1700802854878847,184,28853,138.5
ventilation,clean_persistence,9,0.186111130121553,0.07554251638149773,0.2601159142677494,184,606851,3116.0
ventilation,onset,9,-0.10910635683087178,-0.31315216688852154,0.19049158004779157,168,12332,52.0
ventilation,polluted_persistence,9,-0.23601908822486717,-0.3695256925182991,-0.1799153400894269,184,256353,1220.0
ventilation,clearance,9,0.8425828670411657,0.6277908650430991,1.1072986358899874,184,28853,138.5
ventilation,clean_persistence,15,0.15234708226363308,0.052548132439201485,0.21206594577851046,184,606851,3116.0
ventilation,onset,15,-0.15780323720153758,-0.2743468413337416,0.11407618160944039,168,12332,52.0
ventilation,polluted_persistence,15,-0.18748929128430575,-0.2873139710944046,-0.13206139107075038,184,256353,1220.0
ventilation,clearance,15,0.6417057694546431,0.4649928623734175,0.8717895720553467,184,28853,138.5
ventilation,clean_persistence,21,0.10268880167716052,0.020645591326880264,0.16610129794086076,184,606851,3116.0
ventilation,onset,21,-0.16044952270552088,-0.2749431790862082,0.03336860836598751,168,12332,52.0
ventilation,polluted_persistence,21,-0.13148102508298554,-0.22470560350880264,-0.08350854415565494,184,256353,1220.0
ventilation,clearance,21,0.4458563360755673,0.28529985758938237,0.6519148958684238,184,28853,138.5
ventilation,clean_persistence,27,0.06730932852014734,0.00713038700334755,0.11947902558098558,184,606851,3116.0
ventilation,onset,27,-0.11061772774249491,-0.2150958212575218,0.048582338402955325,168,12332,52.0
ventilation,polluted_persistence,27,-0.08547432281593825,-0.14535799775391495,-0.02971577428082624,184,256353,1220.0
ventilation,clearance,27,0.3091026901116499,0.17182646614157926,0.4679258052717598,184,28853,138.5
ventilation,clean_persistence,33,0.041902419905428534,-0.004196529666593855,0.0866495981178176,184,606851,3116.0
ventilation,onset,33,-0.10067182159214276,-0.22959937628823904,0.018884106242691805,168,12332,52.0
ventilation,polluted_persistence,33,-0.04672299285831979,-0.10564854631634271,-0.004729315000114878,184,256353,1220.0
ventilation,clearance,33,0.19323510304140618,0.09270982007590879,0.3182475071078539,184,28853,138.5
ventilation,clean_persistence,39,0.02737478940392138,-0.008954300859227693,0.06295263716125211,184,606851,3116.0
ventilation,onset,39,-0.09674171967328857,-0.21100846773758766,0.009614302353989843,168,12332,52.0
ventilation,polluted_persistence,39,-0.022865349072142938,-0.07774347994449202,0.01168779596267007,184,256353,1220.0
ventilation,clearance,39,0.1305511036238055,0.02150156932724958,0.23819805177296738,184,28853,138.5
ventilation,clean_persistence,45,0.016487123977451154,-0.015640863623370804,0.049078170497880644,184,606851,3116.0
ventilation,onset,45,-0.08949019057067867,-0.22322271047781794,0.0243706958628397,168,12332,52.0
ventilation,polluted_persistence,45,-0.0024054586382790733,-0.057886401049986616,0.030255303440102896,184,256353,1220.0
ventilation,clearance,45,0.05842185525192245,-0.02963026525486584,0.1689603311749176,184,28853,138.5
ventilation,clean_persistence,51,0.0042715731405905556,-0.021944631296260925,0.037739242204197346,184,606851,3116.0
ventilation,onset,51,-0.06908786764282476,-0.19922596513380542,0.07076731956715268,168,12332,52.0
ventilation,polluted_persistence,51,0.006043539723085855,-0.04496006554884344,0.04541961706734265,184,256353,1220.0
ventilation,clearance,51,0.0235263443591426,-0.077852295732832,0.11118354329348015,184,28853,138.5
ventilation,clean_persistence,57,0.0016006980321399916,-0.028404848528181273,0.026621293082954484,184,606851,3116.0
ventilation,onset,57,-0.09524115457199489,-0.23015009301680728,0.047832867924801487,168,12332,52.0
ventilation,polluted_persistence,57,0.011423351278023694,-0.034373353493907806,0.04469234924969168,184,256353,1220.0
ventilation,clearance,57,0.00486070882749812,-0.08869807624962779,0.0820706914263446,184,28853,138.5
ventilation,clean_persistence,63,-0.006073649954712832,-0.030281333831806763,0.022934556346938636,184,606851,3116.0
ventilation,onset,63,-0.0898710953632319,-0.2144777561253814,0.02624189401925927,168,12332,52.0
ventilation,polluted_persistence,63,0.013760519426154211,-0.028135817717241177,0.03597379020796356,184,256353,1220.0
ventilation,clearance,63,-0.0142562004984145,-0.10596436988982265,0.09377131265578695,184,28853,138.5
ventilation,clean_persistence,69,-0.00701352154901394,-0.03758604510578263,0.016822009688575078,184,606851,3116.0
ventilation,onset,69,-0.06610944664784146,-0.17061023613860118,0.05179836947357343,168,12332,52.0
ventilation,polluted_persistence,69,0.017416595646685552,-0.022883067831231216,0.043248098949806135,184,256353,1220.0
ventilation,clearance,69,0.0021024552349686513,-0.10793773852531192,0.09203691636569478,184,28853,138.5
ventilation,clean_persistence,72,-0.007950846106971526,-0.036605870844599736,0.01334159162310751,184,606851,3116.0
ventilation,onset,72,-0.07322272167512156,-0.16117264669097858,0.0627091684442759,168,12332,52.0
ventilation,polluted_persistence,72,0.019183882000585115,-0.014264268233612886,0.04561880054373419,184,256353,1220.0
ventilation,clearance,72,-0.010410939596151822,-0.09764212237673152,0.09041567018089638,184,28853,138.5
log_precipitation,clean_persistence,-69,0.05408976345354492,0.014046209576283322,0.09676283911870119,184,606851,3116.0
log_precipitation,onset,-69,-0.010900002903173493,-0.07583000854696108,0.10099305985892983,168,12332,52.0
log_precipitation,polluted_persistence,-69,-0.05257382612348862,-0.1047477481328424,-0.03341588107678002,184,256353,1220.0
log_precipitation,clearance,-69,-0.08562219845687812,-0.14024218096706617,-0.04741109985031094,184,28853,138.5
log_precipitation,clean_persistence,-63,0.062233357692701496,0.021354531311767493,0.11149075978331095,184,606851,3116.0
log_precipitation,onset,-63,-0.0007647886469125463,-0.07791572765393068,0.10162351898080083,168,12332,52.0
log_precipitation,polluted_persistence,-63,-0.05618103602843734,-0.10620069675974027,-0.037093552108996924,184,256353,1220.0
log_precipitation,clearance,-63,-0.0870767156244922,-0.13608929014299617,-0.042267647103285656,184,28853,138.5
log_precipitation,clean_persistence,-57,0.07051487502306877,0.02733720895357349,0.1296877496795379,184,606851,3116.0
log_precipitation,onset,-57,0.02709600204133949,-0.07911069132220022,0.12868712580514322,168,12332,52.0
log_precipitation,polluted_persistence,-57,-0.06026868096400852,-0.1107771507103447,-0.038587668456757006,184,256353,1220.0
log_precipitation,clearance,-57,-0.07976281648598989,-0.13601347704436734,-0.027653686477697458,184,28853,138.5
log_precipitation,clean_persistence,-51,0.0906177056193824,0.03474151679701461,0.15096908253236774,184,606851,3116.0
log_precipitation,onset,-51,0.024792155936137338,-0.05036849408028335,0.1609858457444234,168,12332,52.0
log_precipitation,polluted_persistence,-51,-0.06566141834947753,-0.11520318798973989,-0.036467978735474915,184,256353,1220.0
log_precipitation,clearance,-51,-0.07799605222347117,-0.1453757290863129,-0.02411434876324195,184,28853,138.5
log_precipitation,clean_persistence,-45,0.1079791970021078,0.04686458234923403,0.18039249337077198,184,606851,3116.0
log_precipitation,onset,-45,0.08113944807992372,-0.04888874399516939,0.24857322460387987,168,12332,52.0
log_precipitation,polluted_persistence,-45,-0.06918937763002675,-0.12094277594448836,-0.04150294711915632,184,256353,1220.0
log_precipitation,clearance,-45,-0.0836348162157246,-0.14739047242183728,-0.024786980875917394,184,28853,138.5
log_precipitation,clean_persistence,-39,0.1319259146550852,0.06499127044344193,0.19871429759034473,184,606851,3116.0
log_precipitation,onset,-39,0.09207417676915075,-0.0667313118831953,0.2910264081945042,168,12332,52.0
log_precipitation,polluted_persistence,-39,-0.07551519522522479,-0.12429861400789358,-0.04746063680876777,184,256353,1220.0
log_precipitation,clearance,-39,-0.08271913666806292,-0.1589770469911887,-0.03297456687631623,184,28853,138.5
log_precipitation,clean_persistence,-33,0.15432392008646115,0.07652702854076085,0.22616428154281576,184,606851,3116.0
log_precipitation,onset,-33,0.10740101162056888,-0.05037946991484923,0.324328395443338,168,12332,52.0
log_precipitation,polluted_persistence,-33,-0.08349942237912494,-0.13530120852661667,-0.05356959986082642,184,256353,1220.0
log_precipitation,clearance,-33,-0.09066715287649713,-0.15371210133224303,-0.04284512149264044,184,28853,138.5
log_precipitation,clean_persistence,-27,0.18545613096723845,0.09547828074950103,0.25255281150463066,184,606851,3116.0
log_precipitation,onset,-27,0.16444426876199672,-0.03345060770003888,0.3960100964373049,168,12332,52.0
log_precipitation,polluted_persistence,-27,-0.08828720747202978,-0.1486650597567876,-0.057276247019609726,184,256353,1220.0
log_precipitation,clearance,-27,-0.08925241160646886,-0.14296125159601192,-0.029924600115955033,184,28853,138.5
log_precipitation,clean_persistence,-21,0.20355522007224314,0.11088292985583154,0.26344284199097256,184,606851,3116.0
log_precipitation,onset,-21,0.11706480773908003,-0.041112908568982726,0.43998611610920757,168,12332,52.0
log_precipitation,polluted_persistence,-21,-0.09294017837032409,-0.15723624669351216,-0.05982987578403269,184,256353,1220.0
log_precipitation,clearance,-21,-0.05198054719714067,-0.10271436463156117,0.009932362310016547,184,28853,138.5
log_precipitation,clean_persistence,-15,0.18971519340041937,0.10464771100732509,0.25664326581853164,184,606851,3116.0
log_precipitation,onset,-15,0.07496791611031131,-0.07526130558543523,0.35787522955270484,168,12332,52.0
log_precipitation,polluted_persistence,-15,-0.08876151841586136,-0.15942255046168086,-0.060340111209170044,184,256353,1220.0
log_precipitation,clearance,-15,0.04291147459887583,-0.048940665652527214,0.13496490206041617,184,28853,138.5
log_precipitation,clean_persistence,-9,0.1724566411789859,0.09438940847663777,0.23963898298748512,184,606851,3116.0
log_precipitation,onset,-9,0.006187451424226267,-0.10798618183596659,0.2149780579879705,168,12332,52.0
log_precipitation,polluted_persistence,-9,-0.08335454442898808,-0.15569629295445997,-0.05761510888746425,184,256353,1220.0
log_precipitation,clearance,-9,0.17314154189877556,0.04331119562054849,0.3498738231859202,184,28853,138.5
log_precipitation,clean_persistence,-3,0.1510185133988033,0.07049283457741037,0.2095387208523259,184,606851,3116.0
log_precipitation,onset,-3,-0.008304150439625431,-0.11673178945250716,0.09898225142804158,168,12332,52.0
log_precipitation,polluted_persistence,-3,-0.08041156402281588,-0.14977806843268768,-0.05364142163534358,184,256353,1220.0
log_precipitation,clearance,-3,0.34732888263988304,0.14373760908026859,0.5656946591289967,184,28853,138.5
log_precipitation,clean_persistence,3,0.11277453545868826,0.04664234311338368,0.18478013938554833,184,606851,3116.0
log_precipitation,onset,3,-0.09921526704992467,-0.14950428211285796,-0.03300323434348608,168,12332,52.0
log_precipitation,polluted_persistence,3,-0.07402026449738676,-0.13422741907822383,-0.04431756342821574,184,256353,1220.0
log_precipitation,clearance,3,0.41667432416657035,0.17909552425654032,0.6325633373667963,184,28853,138.5
log_precipitation,clean_persistence,9,0.08793959074400667,0.0292566781228681,0.15554966676241622,184,606851,3116.0
log_precipitation,onset,9,-0.12243973713145001,-0.19530196475594747,-0.06855423714800861,168,12332,52.0
log_precipitation,polluted_persistence,9,-0.054091807943634065,-0.11827125573613392,-0.028421730844030012,184,256353,1220.0
log_precipitation,clearance,9,0.33455879362518826,0.12337983392957419,0.5470735895341061,184,28853,138.5
log_precipitation,clean_persistence,15,0.0670436818753399,0.00549969527683661,0.11979981279940763,184,606851,3116.0
log_precipitation,onset,15,-0.12773615116116077,-0.2148966819344832,-0.056554853914927934,168,12332,52.0
log_precipitation,polluted_persistence,15,-0.03467667877326245,-0.08636671374346816,-0.005605469666746452,184,256353,1220.0
log_precipitation,clearance,15,0.23150829019193878,0.08445544693885576,0.43772739339751304,184,28853,138.5
log_precipitation,clean_persistence,21,0.03802219826992034,-0.011468848698691456,0.08349456485839578,184,606851,3116.0
log_precipitation,onset,21,-0.11466669668227192,-0.17382552731338813,-0.02416353389621274,168,12332,52.0
log_precipitation,polluted_persistence,21,-0.014266531888447943,-0.057275423924668,0.01467223246980679,184,256353,1220.0
log_precipitation,clearance,21,0.1485715521070708,0.050622809700250966,0.34121694441973677,184,28853,138.5
log_precipitation,clean_persistence,27,0.016880036928264,-0.026604100003644524,0.05812598118964075,184,606851,3116.0
log_precipitation,onset,27,-0.0950706968949741,-0.1673049775403913,-0.02292301035810957,168,12332,52.0
log_precipitation,polluted_persistence,27,0.003228474367464119,-0.03818449347880522,0.02948207176584477,184,256353,1220.0
log_precipitation,clearance,27,0.09256956323848545,0.012198490668020815,0.2288366107906362,184,28853,138.5
log_precipitation,clean_persistence,33,0.00566822507622736,-0.031974704539204556,0.03423527049075571,184,606851,3116.0
log_precipitation,onset,33,-0.09428528723661468,-0.15616014693382738,-0.0006382198981045962,168,12332,52.0
log_precipitation,polluted_persistence,33,0.013224369323124385,-0.01791904450592969,0.03781342872503378,184,256353,1220.0
log_precipitation,clearance,33,0.07706547716563694,-0.007057687968576001,0.19513523195080562,184,28853,138.5
log_precipitation,clean_persistence,39,-0.008604745139055157,-0.03902713555665364,0.023672433377886274,184,606851,3116.0
log_precipitation,onset,39,-0.07431201015559613,-0.12978677700286378,0.025381501401558707,168,12332,52.0
log_precipitation,polluted_persistence,39,0.021143769478250314,-0.007736956334345348,0.04481559453418224,184,256353,1220.0
log_precipitation,clearance,39,0.051007491967710455,-0.01812531004431114,0.17032034784553274,184,28853,138.5
log_precipitation,clean_persistence,45,-0.013290630081932018,-0.04227673693484224,0.013144785399875045,184,606851,3116.0
log_precipitation,onset,45,-0.04986006191086183,-0.1441896913817292,0.033789900386892835,168,12332,52.0
log_precipitation,polluted_persistence,45,0.02801745182523486,-0.00022462873240949174,0.05397080805155796,184,256353,1220.0
log_precipitation,clearance,45,0.020738205533510058,-0.02904072862003368,0.12920897073470497,184,28853,138.5
log_precipitation,clean_persistence,51,-0.013879507803200235,-0.03968256157014803,0.010592677520019543,184,606851,3116.0
log_precipitation,onset,51,-0.03443407377965264,-0.11213616273278942,0.0523475773245664,168,12332,52.0
log_precipitation,polluted_persistence,51,0.028737881316350425,0.0055553485506642,0.05326274240384666,184,256353,1220.0
log_precipitation,clearance,51,0.0058296774981021,-0.06131154228396473,0.0839593829771719,184,28853,138.5
log_precipitation,clean_persistence,57,-0.01755308865979499,-0.03997433163681387,0.00721036982559246,184,606851,3116.0
log_precipitation,onset,57,-0.025084379023562534,-0.09880877240021162,0.0793039428557299,168,12332,52.0
log_precipitation,polluted_persistence,57,0.03734522820050167,0.014575083651093857,0.057891785162359724,184,256353,1220.0
log_precipitation,clearance,57,-0.022008429329733133,-0.07932609077647611,0.05533546446670711,184,28853,138.5
log_precipitation,clean_persistence,63,-0.018347411815874674,-0.03933969669672862,0.004064959858374528,184,606851,3116.0
log_precipitation,onset,63,-0.030873902731445895,-0.1338157929872611,0.07386332327223526,168,12332,52.0
log_precipitation,polluted_persistence,63,0.03959814999782217,0.012980394374450734,0.057439968502726535,184,256353,1220.0
log_precipitation,clearance,63,-0.03600273569285796,-0.0922573853262163,0.026190947870546644,184,28853,138.5
log_precipitation,clean_persistence,69,-0.014287573334543533,-0.034045908898890816,0.005643618211853396,184,606851,3116.0
log_precipitation,onset,69,-0.04459906048737569,-0.13093775440341476,0.06533434549753388,168,12332,52.0
log_precipitation,polluted_persistence,69,0.0372424819696415,0.011081087400622445,0.06193957564133168,184,256353,1220.0
log_precipitation,clearance,69,-0.0404984074982819,-0.10592607624105456,0.00828284462882042,184,28853,138.5
log_precipitation,clean_persistence,72,-0.01357395155396034,-0.03519049373216904,0.006088471484701211,184,606851,3116.0
log_precipitation,onset,72,-0.03128159972638659,-0.12896083781953915,0.0994284144638954,168,12332,52.0
log_precipitation,polluted_persistence,72,0.03702080337666966,0.011068819682661078,0.06347721515836051,184,256353,1220.0
log_precipitation,clearance,72,-0.042608498634078715,-0.10637600969348844,0.013033474558819876,184,28853,138.5
