station_index,station,longitude,latitude,lead_hour,pm_history_adjusted_r2,past_weather_r2_gain,realized_future_weather_r2_gain
0,Beijing,116.39824999999998,40.045975000000006,3,0.8742565098716166,0.02618177926468912,0.02906095120881258
1,Tianjin,117.32216666666666,39.07768333333333,3,0.8075476449315785,0.041278494177358405,0.03672684962843187
2,Shijiazhuang,114.49317142857144,38.033628571428565,3,0.8286855083617146,0.02966970745202069,0.02437900885271005
3,Tangshan,118.18291666666666,39.64495333333334,3,0.7816148786060092,0.03801344041770571,0.034006837215409313
4,Qinhuangdao,119.606875,39.936249999999994,3,0.8096995972007552,0.03152747029198577,0.03310115374696698
5,Handan,114.51387499999998,36.607859999999995,3,0.7565155206795036,0.029777163434336895,0.02926146658249751
6,Baoding,115.4852,38.876266666666666,3,0.7935191584260113,0.032815195121773666,0.03152938218768786
7,Zhangjiakou,114.90084999999999,40.80275,3,0.6416602810472313,0.04579330488310451,0.038733699116680564
8,Chengde,117.92774,40.96416,3,0.7842654723451952,0.032993215344717,0.02932282925441554
9,Langfang,116.7151,39.52605,3,0.7917582959678922,0.040772687832734356,0.03892465569893688
10,Cangzhou,116.87156666666668,38.31576666666667,3,0.7474755422635269,0.03896712551361636,0.03790642705022984
11,Hengshui,115.6761,37.744800000000005,3,0.7548630006794405,0.03649571226451154,0.031684330229341584
12,Xingtai,114.506675,37.0771,3,0.7764290847678881,0.028144456914884985,0.02688175878833221
13,Taiyuan,112.50899999999999,37.8489,3,0.7309309111717968,0.03666307801814517,0.04183915121003179
14,Huhehaote,111.66738571428571,40.80768571428571,3,0.7612205510830112,0.04477669895789138,0.04632485944760567
15,Dalian,121.62808148888888,38.95904567888889,3,0.7971665670699378,0.02343794249968212,0.023099158114750384
16,Shanghai,121.45294433333333,31.210789000000002,3,0.8310715982317732,0.019681751998961494,0.020081637625398607
17,Nanjing,118.77449999999999,32.0488,3,0.7673684660656717,0.016128603263328545,0.015408927488747226
18,Suzhou,119.52117999999999,32.002930000000006,3,0.8000099247375714,0.016590664202451144,0.016434296533494486
19,Nantong,120.8786,31.99044,3,0.7535975526449596,0.02536695055622129,0.027884770002441606
20,Lianyungang,119.176,34.5885,3,0.6786053195672583,0.03231562454335013,0.035617119409553144
21,Xuzhou,117.23046000000002,34.260400000000004,3,0.7643966541223186,0.020852701145487762,0.021018229116384846
22,Yangzhou,119.3965,32.39305,3,0.7201267296082439,0.023027840777374298,0.023146786315483947
23,Wuxi,120.28957142857143,31.570185714285714,3,0.7684546206124492,0.02279754435387127,0.02089977420182798
24,Changzhou,119.94533333333334,31.7911,3,0.7264493235618916,0.023029042927544374,0.02907785552105613
25,Zhenjiang,119.53366666666666,32.1784,3,0.7514907274165337,0.020331071730047,0.023217203303060097
26,Taizhou,120.62981666666667,30.54818333333333,3,0.7966107391966362,0.008880403029560502,0.01139950437539139
27,Huaian,119.03584000000001,33.58214,3,0.7740785583392178,0.020644124467997016,0.024236309876619955
28,Yancheng,120.16633333333334,33.39703333333333,3,0.793021955418154,0.020083591245509624,0.022851922072696373
29,Suqian,118.3072,33.9517,3,0.7303033865459432,0.024081457270177964,0.02392961518591652
30,Hangzhou,120.0819090909091,30.21117272727272,3,0.8126648308762866,0.013511102398962027,0.016064475578252302
31,Ningbo,121.62942857142858,29.866699999999998,3,0.7546440648341428,0.018161605319392593,0.021921428164322188
32,Shaoxing,120.605,29.9919,3,0.6940822516790472,0.01869364653471428,0.01962545320690312
33,Huzhou,120.07,30.8244,3,0.7632208968426233,0.012453555006691985,0.014048590456284593
34,Jiaxing,120.735,30.7712,3,0.753885915679628,0.018526130733112933,0.02257881931774186
35,Jinhua,119.66650000000001,29.08995,3,0.752191980250494,0.015600460793132265,0.014959216121897545
36,Quzhou,118.86566666666668,28.960433333333338,3,0.777014644776655,0.014912999316413433,0.013902077519985179
37,Lishui,119.90766666666666,28.444366666666667,3,0.7345317230521473,0.013831932248804635,0.011775029182498398
38,Hefei,117.24780000000001,31.848240000000004,3,0.7930927331714077,0.010562652594970356,0.01205179032629089
39,Nanchang,115.873075,28.702825,3,0.8157498613425229,0.010203700400846616,0.008528965451917836
40,Jinan,117.00885,36.6576,3,0.7737866951256528,0.027099418237129025,0.022724597271153057
41,Qingdao,120.36067142857142,36.14881428571428,3,0.7952616684749758,0.023585119442082858,0.02226439097765165
42,Zhengzhou,113.66537142857143,34.760628571428576,3,0.8059244957417897,0.019735704988766978,0.018764478959071518
43,Wuhan,114.2870125,30.5767625,3,0.8318133778692074,0.00994315184195771,0.011318798906182814
44,Zhangsha,112.98362999999999,28.205220000000004,3,0.846061797086093,0.007408463407449495,0.009723569545285082
45,Zhongqing,106.50192307692306,29.617815384615387,3,0.9064130993394456,0.00850800345041458,0.008945634852757123
46,Chengdou,104.002,30.715500000000002,3,0.8223115809089268,0.017419927651752376,0.018274026153026868
47,Xian,108.99450909090909,34.30269090909091,3,0.8534164469800597,0.013929025572409603,0.014541143559794967
48,Lanzhou,103.86275,36.0405,3,0.6884705413847378,0.02410441752350012,0.020021517518035936
49,Yinchuan,106.1066,38.53423333333333,3,0.6740339892362432,0.029854901684542856,0.016446436268162223
50,Baotou,109.90826666666668,40.627783333333326,3,0.7291117434846366,0.04440292826241421,0.03234311534563694
51,Eerduosi,109.90195999999999,39.72498,3,0.7391860770157861,0.021896314566783648,0.019480468321791178
52,Huludao,120.864825,40.7384,3,0.7147655482932356,0.03216099210392187,0.04009870781235603
53,Laiwu,117.6789,36.2289,3,0.7155983423225178,0.030676951439196465,0.026592265286643046
54,Linyi,118.3286,35.04769999999999,3,0.810125554960155,0.023047326997056805,0.025887397724338568
55,Liaocheng,115.98415,36.4584,3,0.7472252167862075,0.03435195219631937,0.029160383180436344
56,Binzhou,117.9952,37.37833333333333,3,0.7437258125008794,0.044113857651333466,0.03606081988253429
57,Zibo,118.02022000000002,36.75354,3,0.8147441995473688,0.028812077662572988,0.026238490784545987
58,Zaozhuang,117.51355000000001,34.806025,3,0.7831663693029474,0.030431628907702235,0.026399480831662325
59,Yantai,121.36026666666667,37.5074,3,0.7602130430271786,0.029327975078141777,0.031287363211424
60,Weifang,119.15213333333332,36.72526666666667,3,0.70954991208994,0.03948906968161725,0.035646710488006494
61,Jining,116.59023333333333,35.41543333333333,3,0.8143823730762471,0.01728434714839744,0.016206620398832583
62,Taian,117.11326666666666,36.188066666666664,3,0.7797950591842137,0.024633222946783717,0.025119227537791722
63,Rizhao,119.49195,35.4206,3,0.7427417127336786,0.027840773577681333,0.025441201039010375
64,Dongying,118.5019,37.4658,3,0.6839880222086399,0.04745731384140839,0.0444345479705297
65,Heze,115.45083066666666,35.25212966666667,3,0.7453326297641198,0.02606928781622231,0.022220139071069234
66,Datong,113.31258,40.097699999999996,3,0.7270171799391509,0.05370715822828642,0.042426708667713364
67,Zhangzhi,113.0949861,36.18655,3,0.7345778459466038,0.03422995675721785,0.020818932120105216
68,Linfen,111.518825,36.07985,3,0.7450311054098488,0.03274950382051667,0.024228091978964805
69,Yangquan,113.56226666666667,37.860699999999994,3,0.7959827333494471,0.02877782761821923,0.02226992865094024
70,Jinzhou,121.1185,41.05882,3,0.7217184255641342,0.03602508544249028,0.05374882180890117
71,Wuhu,118.37395000000001,31.36785,3,0.7566754024768492,0.013095202007877615,0.01312468038754988
72,Maanshan,118.52462,31.69678,3,0.8009441880284303,0.011421725457203324,0.01273197093559808
73,Jiujiang,115.98975714285714,29.673300000000005,3,0.8638844050670368,0.006365979026753066,0.007344758210118485
74,Luoyang,112.41968333333334,34.65716666666667,3,0.8071615907614116,0.019653892307076704,0.017084131858858043
75,Anyang,114.37566666666665,36.086,3,0.7674914768982308,0.022254110394422932,0.023247725348076953
76,Kaifeng,114.3336,34.79076666666667,3,0.715539789351949,0.019399364833497135,0.022622270642625564
77,Jiaozuo,113.2242,35.21613333333333,3,0.8160337950148011,0.018155062318784387,0.017091755725097135
78,Pingdingshan,113.26013333333333,33.73246666666667,3,0.8010537901004585,0.021453237444567397,0.0187550773131272
79,Sanmenxia,111.1754,34.7856,3,0.7690049391067008,0.02044855440428428,0.020485910261259455
80,Yichang,111.31052,30.70758,3,0.7938031080588687,0.02073550042103689,0.013980122918930582
81,Jingzhou,112.2502,30.32483333333333,3,0.79771038901096,0.011023916090094454,0.008993141892929213
82,Yueyang,113.15066666666665,29.403616666666665,3,0.8123608235422759,0.013876320348981563,0.00923921256214899
83,Changde,111.70665,29.05795,3,0.7228709004053904,0.01522685309349281,0.012836492918636422
84,Zhangjiajie,110.50303333333333,29.20593333333333,3,0.711063544506052,0.014675982804372323,0.007585978198601628
85,Mianyang,104.73285,31.47535,3,0.8509815618608818,0.015842954787814834,0.013473495091526955
86,Yibin,104.62036666666667,28.775138333333334,3,0.7839645208795678,0.020503422763735513,0.02337044478064798
87,Luzhou,105.43465,28.9,3,0.8345180945564687,0.014386890095490545,0.012216059626262044
88,Zigong,104.76195,29.351950000000002,3,0.750892352919913,0.03045865455834562,0.02413584271867053
89,Deyang,104.39235000000001,31.1204,3,0.7449642892521389,0.02349170918533594,0.018151091368960648
90,Nanchong,106.08621666666666,30.803066666666666,3,0.8342486420618598,0.01734629246382169,0.017323090420892306
91,Xianyang,108.6997,34.3399,3,0.7603581540595192,0.021072738056128193,0.02035750603927977
92,Tongchuan,108.98766666666666,34.949533333333335,3,0.8247093218275435,0.014909623629956403,0.013199809049382338
93,Yanan,109.48803333333335,36.5967,3,0.6652873171481382,0.019511348108191884,0.02225116836929475
94,Baoji,107.18958750000002,34.354125,3,0.8247803473732815,0.013942423343099808,0.015864605831106715
95,Weinan,109.46503333333334,34.4985,3,0.7998420988636558,0.01880193677019082,0.014103389325732185
96,Shizuishan,106.547775,39.047425000000004,3,0.6669029531226598,0.030972825959803885,0.028495755760847397
97,Zhangqiu,117.541,36.71,3,0.6786115691083197,0.03297393088018841,0.025416410366278064
98,Jimo,120.47,36.39,3,0.5493528352297554,0.0449475427290309,0.0453877697166154
99,Jiaonan,120.005,35.878,3,0.6689525775748351,0.024925776466563687,0.020839826446055087
100,Jiaozhou,120.014,36.253,3,0.6674589019904604,0.03653007877688075,0.031103195544034956
101,Laixi,120.515,36.885,3,0.6764162785380563,0.040442633946643936,0.034897308548129
102,Pingdu,119.95200000000001,36.792,3,0.5497707742542068,0.050540002215668345,0.04584761186569153
103,Penglai,120.76,37.817,3,0.6696664217790398,0.038617614243633636,0.03433568174470891
104,Zhaoyuan,120.399,37.374,3,0.6282363455794823,0.049448113772881275,0.042012746933699385
105,Laizhou,119.95,37.1785,3,0.6866682267040181,0.041668829803905294,0.03305837782871701
106,Rushan,121.531,36.913000000000004,3,0.7049485121997912,0.02447434471419352,0.028365870451387054
107,Wujiang,120.64299999999999,31.165666666666667,3,0.7178012659430204,0.024443162704173238,0.025636084424580652
108,Taicang,121.14,31.421999999999997,3,0.7600688563702034,0.023212584001720882,0.026360796142385734
109,Jurong,119.146,31.955,3,0.6893668963907105,0.01648917615286194,0.014272543421928185
110,Jiangyin,120.269,31.916333333333338,3,0.7350032060056497,0.0299578928760742,0.028291125406253892
111,Yixing,119.818,31.354,3,0.7863860778734166,0.014892992753264833,0.01477720940754601
112,Jintan,119.579,31.744,3,0.6924207186307926,0.021246787205870032,0.02475748410050771
113,Liyang,119.44899999999998,31.3585,3,0.677801313643994,0.021236576622774672,0.020919276282008292
114,Linan,119.7183,30.2366,3,0.7442041094254922,0.015144076292681552,0.01661038043543428
115,Fuyang,117.2097,31.934033333333332,3,0.7565388165135469,0.010101927705603697,0.010983980009855121
116,Yiwu,120.06550000000001,29.319499999999998,3,0.7731187072205081,0.013602343663405958,0.014140283895429762
117,Xinyang,114.061525,32.13015,3,0.7746273640599577,0.011312857659373732,0.010288027525173327
118,Zhoukou,114.65715,33.621500000000005,3,0.7714283947678067,0.014165613317023928,0.016138496315790563
119,Jincheng,112.84638333333332,35.50058333333333,3,0.7270555299647963,0.030236396643516184,0.027415519607077887
120,Shuozhou,112.43119999999999,39.34474,3,0.6262064798978423,0.049661473585283056,0.04719488683118589
121,Jinzhong,112.73200000000001,37.707233333333335,3,0.7320340310993672,0.0378235315165083,0.022525011980581433
122,Yuncheng,111.007025,35.055324999999996,3,0.8151762463371706,0.021458932761540317,0.014660390296875603
123,Xinzhou,112.72473333333335,38.454433333333334,3,0.7524812867770995,0.03147468550678856,0.022603542282770284
124,Lu:liang,111.1406,37.5211,3,0.6059341724642151,0.03704732063960314,0.022782085685238318
125,Wuhai,106.80796666666667,39.675333333333334,3,0.632255238180581,0.037086890007654194,0.023840095680793594
126,Bayannaoer,107.50735,40.8384,3,0.6329647303633696,0.03593411342615571,0.020723195334034994
127,Wulanchabu,113.1306,40.9923,3,0.710859726501955,0.03294334755795025,0.027881271101567573
128,Alashanmeng,105.69966666666666,38.84296666666666,3,0.6259332537642337,0.02182720762180701,0.01327042477314122
129,Chaoyang,120.42083333333335,41.59093333333334,3,0.6810723707852258,0.033026714113149946,0.05303069713555342
130,Bangbu,117.35681666666669,32.929249999999996,3,0.7540463104890737,0.01756791930769319,0.01504535670118301
131,Huainan,116.8364,32.66645,3,0.7541901066854418,0.01190998573056501,0.012183273236961
132,Huaibei,116.7973,33.940266666666666,3,0.776964655369317,0.01744211349192848,0.01579059179801745
133,Tongling,117.80895,30.929616666666664,3,0.7545217324719173,0.01646298686314729,0.014306223624936054
134,Anqing,117.02473333333334,30.546900000000004,3,0.7977713972843811,0.010043459250357323,0.009259489947647803
135,Huangshan,118.25546666666666,29.903033333333337,3,0.7311935390741159,0.015710356241448897,0.009829577499657627
136,Chuzhou,118.31653333333334,32.3,3,0.7324078627059001,0.01659719316326025,0.012069193207003392
137,Liuan,116.514725,31.76245,3,0.765430742849595,0.009400119732577705,0.008753364014583487
138,Chizhou,117.48355000000001,30.6578,3,0.7387335244949225,0.009646173189227447,0.007724135053322145
139,Xuancheng,118.73806666666667,30.953999999999997,3,0.7217820316060444,0.014160147338431406,0.012098491776464382
140,Jingdezhen,117.2242,29.304219999999997,3,0.7974266855011578,0.014039630150699645,0.010250310213730907
141,Yingtan,117.01343999999999,28.20856,3,0.7917325547474894,0.011508934081898126,0.012320883643866742
142,Shangrao,117.9583,28.448825,3,0.8110989780002199,0.018582006093518566,0.011343908628884014
143,Hebi,114.25113333333333,35.794533333333334,3,0.7959643322690071,0.01607535288850792,0.014679335903184043
144,Xinxiang,113.86766666666666,35.294999999999995,3,0.7673315677733301,0.021648199477593444,0.01986018703527581
145,Puyang,115.057,35.76573333333334,3,0.7726143200344775,0.01956044396104195,0.02281423707116137
146,Xuchang,113.81184999999999,34.0035,3,0.7280131577823309,0.019698394517776774,0.0240301164635488
147,Luohe,114.0268,33.570325000000004,3,0.7687833438150617,0.017652693191030133,0.016240727851147496
148,Nanyang,112.5317,32.990125000000006,3,0.8038438956533249,0.013221522268520691,0.011252191096641107
149,Shangqiu,115.6547,34.421533333333336,3,0.7466083571887276,0.018155810709914233,0.01652924960943758
150,Zhumadian,114.00903333333333,32.98930000000001,3,0.7606031755030934,0.01582520760313455,0.014103606991340722
151,Huangshi,115.01512500000001,30.213050000000003,3,0.8276029376650551,0.012554409065926198,0.008781760671112915
152,Shiyan,110.8579,32.563675,3,0.8388379282354275,0.01670295102367325,0.012291671666246895
153,Xiangfan,112.171825,32.07015,3,0.7701365590786815,0.012621233051341885,0.018519364429740004
154,Ezhou,114.8666,30.393033333333335,3,0.7869686057352022,0.013392923367916532,0.00976397622838776
155,Jingmen,112.20646666666669,31.025366666666667,3,0.771999394556217,0.010387952221699859,0.014072060138107356
156,Xiaogan,113.92865,30.918,3,0.7750143772724652,0.01003491522487221,0.0074145657242780105
157,Huanggang,114.9028,30.4742,3,0.6208628268115253,0.019876516316535975,0.011043652117268543
158,Xianning,114.313325,29.840425,3,0.7970143477234962,0.009620326755055864,0.006885544461977422
159,Suizhou,113.37996666666668,31.71636666666667,3,0.7908925850388505,0.014890663935595794,0.009940818968203202
160,Enshizhou,109.4864,30.290399999999998,3,0.8032844100516596,0.01708387166243608,0.011169725501401162
161,Yiyang,112.34146666666668,28.581833333333332,3,0.7938749357398273,0.010236806112263186,0.007898230188411404
162,Xiangxizhou,109.71415,28.2922,3,0.8029198322871064,0.014372559407492491,0.007120583079463949
163,Guangyuan,105.84909999999999,32.437375,3,0.7089823703386193,0.016925108245555154,0.013611029600590352
164,Suining,105.69723333333333,30.574333333333332,3,0.8397456389284855,0.018150316303070624,0.014686019740798528
165,Neijiang,105.052675,29.588475,3,0.8042265457858709,0.014150985665585591,0.016553373756754808
166,Leshan,103.7602,29.573800000000002,3,0.7260122660298867,0.029111894255926307,0.025927024811709276
167,Meishan,103.87010000000001,30.069,3,0.7994883929192078,0.014504067973409529,0.008577610427599192
168,Guangan,106.63206666666667,30.459666666666667,3,0.8073080529126109,0.01923664337139286,0.01791849178709115
169,Dazhou,107.50337999999999,31.22138,3,0.80355216951979,0.02238353450411379,0.021909644884393065
170,Yaan,103.0109,29.9834,3,0.5552482759291213,0.038672944802746745,0.01777372305210123
171,Ziyang,104.6405,30.133,3,0.8315658117824284,0.015553830265216173,0.010904116934392971
172,Hanzhong,107.01043333333332,33.07223333333334,3,0.7777496253526703,0.02054310160327877,0.019672494162508825
173,Ankang,109.02213333333333,32.68973333333333,3,0.8402894830838631,0.009730122215840908,0.008105437533410753
174,Shangluo,109.9154,33.8715,3,0.809758547230332,0.010734047520014278,0.00903506991610803
175,Baiyin,104.1731,36.546949999999995,3,0.6949525285624558,0.01182510872134912,0.013849649550933929
176,Tianshui,105.79475,34.573350000000005,3,0.678628973359823,0.011177034316181667,0.011217313488001812
177,Pingliang,106.68655000000001,35.53775,3,0.7102718027570434,0.016886438020919825,0.014995586558632534
178,Qingyang,107.65336666666667,35.65306666666667,3,0.7482084694259565,0.011227547771781587,0.016083070070264882
179,Dingxi,104.61985,35.58445,3,0.5617150086137779,0.020036415097443916,0.018635046752449425
180,Linxiazhou,103.21015,35.6018,3,0.6530047912560724,0.023975629294035627,0.018148825654483725
181,Wuzhong,106.19925,37.97835,3,0.668711977096281,0.017817419440083304,0.02104851609061953
182,Zhongwei,105.18855,37.258700000000005,3,0.5935231256130586,0.018139606908751604,0.021474673096106844
183,Guyuan,106.24953333333333,36.055,3,0.63205803364863,0.008755719128717865,0.01864628278715974
0,Beijing,116.39824999999998,40.045975000000006,24,0.16695681561911024,0.09289244948415398,0.40606189047127417
1,Tianjin,117.32216666666666,39.07768333333333,24,0.09353501191091051,0.10993186681563227,0.3280665260390231
2,Shijiazhuang,114.49317142857144,38.033628571428565,24,0.22419243347618822,0.10041772185190112,0.19712018753037597
3,Tangshan,118.18291666666666,39.64495333333334,24,0.13973644717609401,0.12860517163862872,0.2822419414809998
4,Qinhuangdao,119.606875,39.936249999999994,24,0.11350691767716725,0.11885323365742251,0.32932171931129905
5,Handan,114.51387499999998,36.607859999999995,24,0.166495314785727,0.0978405660572389,0.15403817044094714
6,Baoding,115.4852,38.876266666666666,24,0.1805459849126556,0.0971922410636199,0.21008550299135997
7,Zhangjiakou,114.90084999999999,40.80275,24,0.09411009647625335,0.15037176172484656,0.27168632754909094
8,Chengde,117.92774,40.96416,24,0.14088813857817273,0.1454885329289135,0.3236075340996394
9,Langfang,116.7151,39.52605,24,0.12014010776323836,0.09744347417687926,0.3334120902924316
10,Cangzhou,116.87156666666668,38.31576666666667,24,0.10005355254364301,0.11343181319318751,0.24433744015083736
11,Hengshui,115.6761,37.744800000000005,24,0.11524629449091317,0.12295326629234371,0.20360904385106526
12,Xingtai,114.506675,37.0771,24,0.1789872134558419,0.09893880185086368,0.18921808630767423
13,Taiyuan,112.50899999999999,37.8489,24,0.08816532469548799,0.11418217451583579,0.3209392237787847
14,Huhehaote,111.66738571428571,40.80768571428571,24,0.09209763167639007,0.0982925669367295,0.3871561722686089
15,Dalian,121.62808148888888,38.95904567888889,24,0.11612122393891655,0.11497019817697507,0.27951260178604
16,Shanghai,121.45294433333333,31.210789000000002,24,0.159873535114604,0.11825513539587329,0.2414818756428424
17,Nanjing,118.77449999999999,32.0488,24,0.15936392889319329,0.10227836942512414,0.14727970788075306
18,Suzhou,119.52117999999999,32.002930000000006,24,0.18168220454016726,0.1280310827609027,0.16843829854664327
19,Nantong,120.8786,31.99044,24,0.12564076476022412,0.11423181604044363,0.253199862765052
20,Lianyungang,119.176,34.5885,24,0.0836979777132254,0.09276468447134678,0.2301762696304207
21,Xuzhou,117.23046000000002,34.260400000000004,24,0.120747598433107,0.0962476880159634,0.149519692786648
22,Yangzhou,119.3965,32.39305,24,0.1140828373553171,0.11648216109175602,0.19857892823260703
23,Wuxi,120.28957142857143,31.570185714285714,24,0.15701653044438335,0.11533646356356586,0.1896146899307939
24,Changzhou,119.94533333333334,31.7911,24,0.11638741132829866,0.09848034823951468,0.21517880655154908
25,Zhenjiang,119.53366666666666,32.1784,24,0.12442362111165395,0.10932260304265728,0.20544482487975213
26,Taizhou,120.62981666666667,30.54818333333333,24,0.23239373202466296,0.09063154236021098,0.1499875901320339
27,Huaian,119.03584000000001,33.58214,24,0.11863531265095406,0.12155459256145762,0.20793773299214124
28,Yancheng,120.16633333333334,33.39703333333333,24,0.13220442018087275,0.12901997313321278,0.23089545191776772
29,Suqian,118.3072,33.9517,24,0.10292876157462072,0.11006805551231424,0.1774762290984656
30,Hangzhou,120.0819090909091,30.21117272727272,24,0.15899845840406157,0.1003561186630687,0.15585644391126952
31,Ningbo,121.62942857142858,29.866699999999998,24,0.11272968707317554,0.08422676733587464,0.20018442982254359
32,Shaoxing,120.605,29.9919,24,0.11121779958061595,0.06637496042563018,0.13767397505475454
33,Huzhou,120.07,30.8244,24,0.16731760120321526,0.09541649822384712,0.1344638512740688
34,Jiaxing,120.735,30.7712,24,0.13534895683750414,0.10622280294258746,0.18597650497885898
35,Jinhua,119.66650000000001,29.08995,24,0.15461041127116482,0.09654665458805878,0.13799087508327879
36,Quzhou,118.86566666666668,28.960433333333338,24,0.1817033007510933,0.11965780139438864,0.1398844955660813
37,Lishui,119.90766666666666,28.444366666666667,24,0.14271985101895923,0.0889642950736882,0.10874440773891147
38,Hefei,117.24780000000001,31.848240000000004,24,0.15885866176903995,0.09359012384286258,0.1277523632735682
39,Nanchang,115.873075,28.702825,24,0.2415750765524518,0.09541705694950642,0.12050661792704398
40,Jinan,117.00885,36.6576,24,0.18018864163021175,0.08410489178434,0.16798764275614586
41,Qingdao,120.36067142857142,36.14881428571428,24,0.1397381340928311,0.09022057886329848,0.21237896185174854
42,Zhengzhou,113.66537142857143,34.760628571428576,24,0.17042595773682878,0.07521566130146695,0.17693110408847046
43,Wuhan,114.2870125,30.5767625,24,0.23235007348734726,0.06419349545915698,0.13880330068407065
44,Zhangsha,112.98362999999999,28.205220000000004,24,0.21861173995544847,0.06709250953435097,0.1364237423548611
45,Zhongqing,106.50192307692306,29.617815384615387,24,0.40083455800302137,0.08482665517035026,0.0972301615730562
46,Chengdou,104.002,30.715500000000002,24,0.2455872111000117,0.11492538056093626,0.11699788540978018
47,Xian,108.99450909090909,34.30269090909091,24,0.22812894617669977,0.0782887862887045,0.16437946606510734
48,Lanzhou,103.86275,36.0405,24,0.12431356774383151,0.06326865024827799,0.07688950938727257
49,Yinchuan,106.1066,38.53423333333333,24,0.10449913003755074,0.09574810355037733,0.0983264233831973
50,Baotou,109.90826666666668,40.627783333333326,24,0.10123028025236636,0.09331343059648511,0.27024811500043633
51,Eerduosi,109.90195999999999,39.72498,24,0.1636962248990358,0.13721091158348742,0.21593950238725712
52,Huludao,120.864825,40.7384,24,0.0967931906180094,0.08272449426517048,0.30054090476333184
53,Laiwu,117.6789,36.2289,24,0.11252930439304054,0.07977616275203125,0.18089719564425877
54,Linyi,118.3286,35.04769999999999,24,0.1696730076004983,0.10115899917017279,0.22214878493208134
55,Liaocheng,115.98415,36.4584,24,0.13536016674551143,0.07720984255309882,0.17748163608363343
56,Binzhou,117.9952,37.37833333333333,24,0.10520076649193644,0.10312598261220052,0.26748683782741245
57,Zibo,118.02022000000002,36.75354,24,0.17300559066754073,0.079533724983888,0.19449101480672437
58,Zaozhuang,117.51355000000001,34.806025,24,0.16547953914934832,0.09990065490535638,0.1889142329294793
59,Yantai,121.36026666666667,37.5074,24,0.11796662793806911,0.09655979891778421,0.2950590906257168
60,Weifang,119.15213333333332,36.72526666666667,24,0.09974661384258254,0.0745778636730865,0.2140701650346547
61,Jining,116.59023333333333,35.41543333333333,24,0.21207630526680976,0.07332647588769814,0.10925513403415055
62,Taian,117.11326666666666,36.188066666666664,24,0.12858266824498554,0.08723650815059325,0.21346371016705412
63,Rizhao,119.49195,35.4206,24,0.14873080097089297,0.09171453958635145,0.22973992246712593
64,Dongying,118.5019,37.4658,24,0.09054329803145167,0.10079040228763625,0.2662255232790719
65,Heze,115.45083066666666,35.25212966666667,24,0.15928219742850425,0.06916128297049029,0.12024730308701892
66,Datong,113.31258,40.097699999999996,24,0.0971390684305049,0.13836031474605393,0.3176835524464655
67,Zhangzhi,113.0949861,36.18655,24,0.1613307429811256,0.09604117770454013,0.15409990764022297
68,Linfen,111.518825,36.07985,24,0.13760235850339175,0.08531944569943617,0.2013803945871423
69,Yangquan,113.56226666666667,37.860699999999994,24,0.18419111285025414,0.1155057759659367,0.23305804701897737
70,Jinzhou,121.1185,41.05882,24,0.09446566340315032,0.0795981791348076,0.3674333956659104
71,Wuhu,118.37395000000001,31.36785,24,0.17364008274037301,0.08651854146777771,0.11669333595278342
72,Maanshan,118.52462,31.69678,24,0.1838397257547716,0.09213966798589823,0.13161703929799362
73,Jiujiang,115.98975714285714,29.673300000000005,24,0.24830290336974625,0.08233223719619676,0.1305475865884581
74,Luoyang,112.41968333333334,34.65716666666667,24,0.20460446752365546,0.08613300955719738,0.1787619036874999
75,Anyang,114.37566666666665,36.086,24,0.14522813855109784,0.07828030392172503,0.1360363822388283
76,Kaifeng,114.3336,34.79076666666667,24,0.09691763847656165,0.052749578589020296,0.14718020610765148
77,Jiaozuo,113.2242,35.21613333333333,24,0.21528830422641643,0.09822658480530733,0.18848455823312882
78,Pingdingshan,113.26013333333333,33.73246666666667,24,0.23920419118962288,0.0789916700780906,0.1479281917515145
79,Sanmenxia,111.1754,34.7856,24,0.15147494731135303,0.1042220273967932,0.18418474067415447
80,Yichang,111.31052,30.70758,24,0.18490136422281278,0.0837964331264972,0.11210998703203001
81,Jingzhou,112.2502,30.32483333333333,24,0.24585403716217413,0.051178525308616774,0.09178202009676784
82,Yueyang,113.15066666666665,29.403616666666665,24,0.23110484463366876,0.06265829278605817,0.12329558704332966
83,Changde,111.70665,29.05795,24,0.19514311797988604,0.0602940723040678,0.11472388598246042
84,Zhangjiajie,110.50303333333333,29.20593333333333,24,0.24144980139916195,0.07685662358020262,0.05099470288152508
85,Mianyang,104.73285,31.47535,24,0.2641823446001379,0.10697051976494043,0.15198408644962802
86,Yibin,104.62036666666667,28.775138333333334,24,0.16375945420090265,0.1578900248167896,0.18754552100358413
87,Luzhou,105.43465,28.9,24,0.36589136971181024,0.10865721305240328,0.08370518349937062
88,Zigong,104.76195,29.351950000000002,24,0.2730537249900775,0.11408804840457498,0.150959417205621
89,Deyang,104.39235000000001,31.1204,24,0.25307365723197495,0.09663110408347819,0.1220302201034259
90,Nanchong,106.08621666666666,30.803066666666666,24,0.35493756736473003,0.10471843641489753,0.17148676521904604
91,Xianyang,108.6997,34.3399,24,0.1929182179340787,0.06436673200697685,0.1412714275223671
92,Tongchuan,108.98766666666666,34.949533333333335,24,0.236441975518224,0.08062906192511454,0.15396719717887475
93,Yanan,109.48803333333335,36.5967,24,0.17522075330840114,0.0777143973094041,0.1537718675134626
94,Baoji,107.18958750000002,34.354125,24,0.17309231931939084,0.07025449523508465,0.16105081394207665
95,Weinan,109.46503333333334,34.4985,24,0.21295651172412688,0.08890667191933177,0.13620518285807903
96,Shizuishan,106.547775,39.047425000000004,24,0.06459054872149261,0.06909595835431348,0.15712659728988276
97,Zhangqiu,117.541,36.71,24,0.12811330116271835,0.09492463548180574,0.16871816436205733
98,Jimo,120.47,36.39,24,0.09484395263285428,0.061278728396938265,0.2026797960005141
99,Jiaonan,120.005,35.878,24,0.10335907126962485,0.08185496178769258,0.15584498757710563
100,Jiaozhou,120.014,36.253,24,0.09756323024328095,0.08102801090846001,0.17675636743173517
101,Laixi,120.515,36.885,24,0.1008927055032498,0.09880074404405426,0.21738889972863285
102,Pingdu,119.95200000000001,36.792,24,0.09031619814100778,0.06379823992710931,0.20467898181337207
103,Penglai,120.76,37.817,24,0.11163361810489913,0.10640450468265694,0.2849505905758474
104,Zhaoyuan,120.399,37.374,24,0.094816399784861,0.09301306140448418,0.23880918239129156
105,Laizhou,119.95,37.1785,24,0.11527326021658912,0.08610702173232809,0.22563491756214304
106,Rushan,121.531,36.913000000000004,24,0.09875291708394385,0.07045853696767157,0.2166998231822903
107,Wujiang,120.64299999999999,31.165666666666667,24,0.11878266979267649,0.10621869124630878,0.2017091840473363
108,Taicang,121.14,31.421999999999997,24,0.13970030132252187,0.10709049812756777,0.23718010763622832
109,Jurong,119.146,31.955,24,0.18383774213429338,0.08083053451109512,0.10313026074083798
110,Jiangyin,120.269,31.916333333333338,24,0.14269604512777423,0.1219067954014228,0.2162334745462523
111,Yixing,119.818,31.354,24,0.16216640781491753,0.11623690641860729,0.15135665381165664
112,Jintan,119.579,31.744,24,0.1372849157836552,0.08343891016858385,0.15751079521089484
113,Liyang,119.44899999999998,31.3585,24,0.12155390949087574,0.09064907761556606,0.13539074999217826
114,Linan,119.7183,30.2366,24,0.1309601318482253,0.08712700462992429,0.13179397434591422
115,Fuyang,117.2097,31.934033333333332,24,0.2065968577141899,0.09138263620912968,0.09630748183632099
116,Yiwu,120.06550000000001,29.319499999999998,24,0.18878490003342452,0.08298464755956148,0.11994407193252998
117,Xinyang,114.061525,32.13015,24,0.17810305680464855,0.0734468302849256,0.09179490140371638
118,Zhoukou,114.65715,33.621500000000005,24,0.15714669260559777,0.06529068141388139,0.11256306183564158
119,Jincheng,112.84638333333332,35.50058333333333,24,0.1951537310479341,0.07321492400880458,0.1735271849358756
120,Shuozhou,112.43119999999999,39.34474,24,0.15192416525309682,0.07706287771073261,0.2333370446946893
121,Jinzhong,112.73200000000001,37.707233333333335,24,0.09882451852055774,0.12378046921516961,0.2095547715570132
122,Yuncheng,111.007025,35.055324999999996,24,0.24817551942153293,0.07530753637708631,0.12176529831882721
123,Xinzhou,112.72473333333335,38.454433333333334,24,0.19649855924498982,0.10981831933914388,0.19769981394241443
124,Lu:liang,111.1406,37.5211,24,0.20637986889900273,0.08945292617014344,0.141603936210287
125,Wuhai,106.80796666666667,39.675333333333334,24,0.07719863866252807,0.08477998189049651,0.1377797920211875
126,Bayannaoer,107.50735,40.8384,24,0.10929974762331651,0.10770005594676746,0.1211867429451462
127,Wulanchabu,113.1306,40.9923,24,0.18452209152395627,0.1312146929031116,0.22223953143131514
128,Alashanmeng,105.69966666666666,38.84296666666666,24,0.08303813255399917,0.1599333417317319,0.12705623774449604
129,Chaoyang,120.42083333333335,41.59093333333334,24,0.11892085965717092,0.08196709646047495,0.317768517146482
130,Bangbu,117.35681666666669,32.929249999999996,24,0.13631784588883156,0.11026371868451479,0.13277545074912844
131,Huainan,116.8364,32.66645,24,0.16960098131455947,0.07466328435699499,0.10351580413440098
132,Huaibei,116.7973,33.940266666666666,24,0.14709939369207103,0.08704786938751441,0.11585399990790635
133,Tongling,117.80895,30.929616666666664,24,0.20891101133278522,0.07315088461722308,0.12394795561205818
134,Anqing,117.02473333333334,30.546900000000004,24,0.20864024801993797,0.06126292260956878,0.11392820393255965
135,Huangshan,118.25546666666666,29.903033333333337,24,0.25240789276488507,0.09820037930048187,0.09994781906287598
136,Chuzhou,118.31653333333334,32.3,24,0.1707542136268927,0.1087800570131876,0.12312353797696829
137,Liuan,116.514725,31.76245,24,0.17540060155107184,0.06926733364158766,0.08477959350249975
138,Chizhou,117.48355000000001,30.6578,24,0.31386945063854965,0.03972273032883378,0.062035709470995126
139,Xuancheng,118.73806666666667,30.953999999999997,24,0.18230515628462518,0.06713496418472598,0.09426282919446782
140,Jingdezhen,117.2242,29.304219999999997,24,0.30431862991059666,0.0861816773069003,0.13563723379685666
141,Yingtan,117.01343999999999,28.20856,24,0.2195424483510331,0.11313555081818072,0.14736235393300456
142,Shangrao,117.9583,28.448825,24,0.28148882034779876,0.10924270818956083,0.13595450670913367
143,Hebi,114.25113333333333,35.794533333333334,24,0.17054349553819081,0.08530697038572432,0.13232955187673534
144,Xinxiang,113.86766666666666,35.294999999999995,24,0.16565196592010445,0.07346737302538497,0.14258073540182958
145,Puyang,115.057,35.76573333333334,24,0.1225895861479438,0.06741723438931535,0.14911160949183588
146,Xuchang,113.81184999999999,34.0035,24,0.13340549952165748,0.05949342511152933,0.14919269003464675
147,Luohe,114.0268,33.570325000000004,24,0.1908965464614193,0.0669831700536978,0.11622570418121136
148,Nanyang,112.5317,32.990125000000006,24,0.19859572894334976,0.06098458042670718,0.08254433016419593
149,Shangqiu,115.6547,34.421533333333336,24,0.15149330745600553,0.07614538841642549,0.10482682686694089
150,Zhumadian,114.00903333333333,32.98930000000001,24,0.19066140084305017,0.07458111688654312,0.11766237936048152
151,Huangshi,115.01512500000001,30.213050000000003,24,0.26777536873407426,0.06091871360345413,0.09976922073603578
152,Shiyan,110.8579,32.563675,24,0.2742473557808388,0.11130526588684253,0.11166262285717632
153,Xiangfan,112.171825,32.07015,24,0.17020247905275931,0.05340302899138727,0.14291443706713258
154,Ezhou,114.8666,30.393033333333335,24,0.24491908891996406,0.06449761755700645,0.09831911557273998
155,Jingmen,112.20646666666669,31.025366666666667,24,0.20513150740532016,0.05503091999688137,0.1185397208839648
156,Xiaogan,113.92865,30.918,24,0.27771625324414906,0.059922337483012456,0.08021789847070937
157,Huanggang,114.9028,30.4742,24,0.20152225079875086,0.06272985052396873,0.08495139083990932
158,Xianning,114.313325,29.840425,24,0.24129762395401788,0.048647860293025924,0.06238150471380721
159,Suizhou,113.37996666666668,31.71636666666667,24,0.2340441740654231,0.07558440669352606,0.10556541773404182
160,Enshizhou,109.4864,30.290399999999998,24,0.3504026622329788,0.11435531100846108,0.09181320549968564
161,Yiyang,112.34146666666668,28.581833333333332,24,0.2591348670574303,0.05252317217024938,0.07926810642362059
162,Xiangxizhou,109.71415,28.2922,24,0.2924969972839101,0.10279456603697301,0.0756623841844144
163,Guangyuan,105.84909999999999,32.437375,24,0.23924641192213936,0.10074956678421776,0.10677606664845696
164,Suining,105.69723333333333,30.574333333333332,24,0.3418605477097453,0.11044504458625815,0.15640919868909986
165,Neijiang,105.052675,29.588475,24,0.3576094992638058,0.09299221028431437,0.10697558162679266
166,Leshan,103.7602,29.573800000000002,24,0.17703741288061248,0.1260808623628089,0.13588031357426744
167,Meishan,103.87010000000001,30.069,24,0.3384970660551816,0.12044132887987424,0.05455648228659915
168,Guangan,106.63206666666667,30.459666666666667,24,0.349902227075071,0.10652331617121624,0.13458433720675655
169,Dazhou,107.50337999999999,31.22138,24,0.32524639707821856,0.11751113704344307,0.18220237699816544
170,Yaan,103.0109,29.9834,24,0.10335244547548239,0.13990649895729568,0.08203632619549595
171,Ziyang,104.6405,30.133,24,0.3354616584698269,0.106975192515539,0.09265695020134179
172,Hanzhong,107.01043333333332,33.07223333333334,24,0.2636000266997578,0.11248800884958066,0.12587917683449357
173,Ankang,109.02213333333333,32.68973333333333,24,0.2956630537499688,0.10725065400534972,0.08522965628507695
174,Shangluo,109.9154,33.8715,24,0.2218603492655743,0.09028911237612292,0.10359050801024206
175,Baiyin,104.1731,36.546949999999995,24,0.12728327117993854,0.04255734712215942,0.07474581988548346
176,Tianshui,105.79475,34.573350000000005,24,0.2444973114000889,0.042914115779208895,0.03666309084330632
177,Pingliang,106.68655000000001,35.53775,24,0.2521214422659085,0.06489781441059383,0.09802279372678835
178,Qingyang,107.65336666666667,35.65306666666667,24,0.19291466233216337,0.05173810726397721,0.12094577739169365
179,Dingxi,104.61985,35.58445,24,0.20885081169732755,0.025838509646645358,0.02897941118714986
180,Linxiazhou,103.21015,35.6018,24,0.2779174151249756,0.027456391376894373,0.041195514606322314
181,Wuzhong,106.19925,37.97835,24,0.11601038003314323,0.041229337305964675,0.11299063149255484
182,Zhongwei,105.18855,37.258700000000005,24,0.07704387386635103,0.039393711806064435,0.07906864372559308
183,Guyuan,106.24953333333333,36.055,24,0.10765312901618962,0.05096070526737495,0.07163119054801181
0,Beijing,116.39824999999998,40.045975000000006,48,0.01987260103134192,0.04352036928985181,0.5074293186016354
1,Tianjin,117.32216666666666,39.07768333333333,48,0.008827152699358964,0.05588553254683193,0.37438820341528434
2,Shijiazhuang,114.49317142857144,38.033628571428565,48,0.05275135257660857,0.06034372186056691,0.26769498182578144
3,Tangshan,118.18291666666666,39.64495333333334,48,0.022275680958136923,0.06297903728530296,0.34600819632282376
4,Qinhuangdao,119.606875,39.936249999999994,48,0.011446857020188883,0.06072201698213853,0.37781328612404996
5,Handan,114.51387499999998,36.607859999999995,48,0.038122389237666865,0.057849371196321386,0.19014082477379657
6,Baoding,115.4852,38.876266666666666,48,0.031146590591378476,0.07232349196068799,0.2742058131745694
7,Zhangjiakou,114.90084999999999,40.80275,48,0.00827496230075353,0.050081435485463954,0.3193822625765934
8,Chengde,117.92774,40.96416,48,0.014679266601128393,0.057888020664333295,0.39550868500251457
9,Langfang,116.7151,39.52605,48,0.011473771427849222,0.04564137870066043,0.3948246608899634
10,Cangzhou,116.87156666666668,38.31576666666667,48,0.011228783922398677,0.053957881145475395,0.28163812655740517
11,Hengshui,115.6761,37.744800000000005,48,0.0152252737531956,0.06313357420652155,0.24249734262784417
12,Xingtai,114.506675,37.0771,48,0.034499537350113796,0.05511266139512816,0.24011257394644403
13,Taiyuan,112.50899999999999,37.8489,48,0.00812146144718462,0.043293116612767246,0.36618083350168296
14,Huhehaote,111.66738571428571,40.80768571428571,48,0.005496189194284629,0.05451998535499225,0.4399502999776942
15,Dalian,121.62808148888888,38.95904567888889,48,0.01177871415091769,0.050436762445921324,0.3450900761322655
16,Shanghai,121.45294433333333,31.210789000000002,48,0.027609950932302785,0.04789978523689875,0.2983595523885173
17,Nanjing,118.77449999999999,32.0488,48,0.02471348721070632,0.05585126671566276,0.19342610305946484
18,Suzhou,119.52117999999999,32.002930000000006,48,0.035228418175588194,0.07067125658045159,0.2204843733429518
19,Nantong,120.8786,31.99044,48,0.018111966755354092,0.062191688105370124,0.3085434577649213
20,Lianyungang,119.176,34.5885,48,0.005492668776469367,0.037311333218738474,0.26867760331139445
21,Xuzhou,117.23046000000002,34.260400000000004,48,0.012472436429837863,0.040404895398430174,0.17890769691827635
22,Yangzhou,119.3965,32.39305,48,0.008479062549154981,0.06728050662403817,0.24713718740418766
23,Wuxi,120.28957142857143,31.570185714285714,48,0.031415164915189586,0.060810646999463036,0.2358759600985525
24,Changzhou,119.94533333333334,31.7911,48,0.01303481136174145,0.056620616050793604,0.2659932197000596
25,Zhenjiang,119.53366666666666,32.1784,48,0.016682532424525776,0.06273700626062872,0.2553769792859988
26,Taizhou,120.62981666666667,30.54818333333333,48,0.041509340414583984,0.0753335012084233,0.22965439679155175
27,Huaian,119.03584000000001,33.58214,48,0.014821857343920497,0.0499799497957053,0.2528734638426735
28,Yancheng,120.16633333333334,33.39703333333333,48,0.014074081874674294,0.058411899302226455,0.2873838699489203
29,Suqian,118.3072,33.9517,48,0.009895141194356971,0.044209370472404474,0.21004931952271433
30,Hangzhou,120.0819090909091,30.21117272727272,48,0.03452943633379324,0.08635590331480036,0.2002471705309682
31,Ningbo,121.62942857142858,29.866699999999998,48,0.024948277237140326,0.04331202352838592,0.24472069413872277
32,Shaoxing,120.605,29.9919,48,0.023658706636108584,0.05226692517890874,0.16828319512163148
33,Huzhou,120.07,30.8244,48,0.044169120924237304,0.08130825197397662,0.17562814351064082
34,Jiaxing,120.735,30.7712,48,0.029578321105291794,0.05855333263689899,0.22502618240130012
35,Jinhua,119.66650000000001,29.08995,48,0.04933317268932147,0.10804701040377629,0.18250462803477907
36,Quzhou,118.86566666666668,28.960433333333338,48,0.04505390454141123,0.12212817778565388,0.1926643829885185
37,Lishui,119.90766666666666,28.444366666666667,48,0.04161505176678071,0.09858967228047988,0.14193112983363942
38,Hefei,117.24780000000001,31.848240000000004,48,0.027504682928215507,0.054792344799863724,0.17461461246642773
39,Nanchang,115.873075,28.702825,48,0.07772675444300481,0.10418858056937075,0.17921322133450812
40,Jinan,117.00885,36.6576,48,0.059412413242305284,0.04353399630952659,0.21881167620789588
41,Qingdao,120.36067142857142,36.14881428571428,48,0.029910621096177925,0.04400261761388968,0.2547341451046562
42,Zhengzhou,113.66537142857143,34.760628571428576,48,0.03028362538154472,0.04905698646988288,0.22538916682661814
43,Wuhan,114.2870125,30.5767625,48,0.06581377939060151,0.06915875767096802,0.19565262834408503
44,Zhangsha,112.98362999999999,28.205220000000004,48,0.07838641498639376,0.07402761323062523,0.18911714117054812
45,Zhongqing,106.50192307692306,29.617815384615387,48,0.18055798473007578,0.1463874682896087,0.1427636357086538
46,Chengdou,104.002,30.715500000000002,48,0.0757315141022259,0.14919213294441247,0.1530570307790221
47,Xian,108.99450909090909,34.30269090909091,48,0.05000499608885611,0.07328892957241884,0.2152648357054623
48,Lanzhou,103.86275,36.0405,48,0.031951383209412265,0.04867584884423337,0.09560433446933225
49,Yinchuan,106.1066,38.53423333333333,48,0.027724722040602612,0.03335169389250059,0.1180899007187487
50,Baotou,109.90826666666668,40.627783333333326,48,0.007255672149035219,0.04826438094447405,0.3263308638058665
51,Eerduosi,109.90195999999999,39.72498,48,0.023275541811733746,0.06545210397362689,0.2888447796748077
52,Huludao,120.864825,40.7384,48,0.005860105244054115,0.037265183926806555,0.34586389014522756
53,Laiwu,117.6789,36.2289,48,0.015005965534478638,0.04085289944675419,0.21234462350105154
54,Linyi,118.3286,35.04769999999999,48,0.026672046792457826,0.0653445409182637,0.26645574191840427
55,Liaocheng,115.98415,36.4584,48,0.03520904791035784,0.054130517511294385,0.21385062120286913
56,Binzhou,117.9952,37.37833333333333,48,0.007159095444230323,0.05679974121424558,0.3137803652114385
57,Zibo,118.02022000000002,36.75354,48,0.026573093415058646,0.0408966303646231,0.2423152868252686
58,Zaozhuang,117.51355000000001,34.806025,48,0.03072875012898868,0.05224065452008586,0.22639475605121406
59,Yantai,121.36026666666667,37.5074,48,0.01589525587650409,0.045887178342049695,0.35522159205886694
60,Weifang,119.15213333333332,36.72526666666667,48,0.01071184140256043,0.03444036279405105,0.24795742353578676
61,Jining,116.59023333333333,35.41543333333333,48,0.07621166015282443,0.05479142344097043,0.13076630459644378
62,Taian,117.11326666666666,36.188066666666664,48,0.01414676571546547,0.044637168367499425,0.25911566999009594
63,Rizhao,119.49195,35.4206,48,0.024337984904226784,0.04953303754659111,0.2822757419943104
64,Dongying,118.5019,37.4658,48,0.0058314417220166614,0.05760564497998488,0.30060754080538654
65,Heze,115.45083066666666,35.25212966666667,48,0.05476862991467013,0.04654373001921008,0.14512886466445385
66,Datong,113.31258,40.097699999999996,48,0.007202540010175507,0.05959633339731041,0.37101796608251914
67,Zhangzhi,113.0949861,36.18655,48,0.03712581429753736,0.03897463919740507,0.19888186599065072
68,Linfen,111.518825,36.07985,48,0.042091987281690724,0.046006386965589896,0.23735092697042848
69,Yangquan,113.56226666666667,37.860699999999994,48,0.027212470185621784,0.04656665371643731,0.3184328296072454
70,Jinzhou,121.1185,41.05882,48,0.0063947286738003095,0.03508829082945908,0.4138921384142167
71,Wuhu,118.37395000000001,31.36785,48,0.04319537504300486,0.06780476676962499,0.1598759180797329
72,Maanshan,118.52462,31.69678,48,0.03938725519845676,0.06368521726419707,0.17968325297055487
73,Jiujiang,115.98975714285714,29.673300000000005,48,0.06630513739027777,0.09170885305874732,0.19577170624758888
74,Luoyang,112.41968333333334,34.65716666666667,48,0.042573939886876855,0.059275800455033556,0.24399610237251723
75,Anyang,114.37566666666665,36.086,48,0.025650039008776604,0.05113452669642726,0.16906899268143638
76,Kaifeng,114.3336,34.79076666666667,48,0.013040729233712578,0.027817217041197217,0.17487621294783307
77,Jiaozuo,113.2242,35.21613333333333,48,0.05334479496249367,0.04579482932473977,0.24880410619971538
78,Pingdingshan,113.26013333333333,33.73246666666667,48,0.08344312434226953,0.06173534960806892,0.19570303308586467
79,Sanmenxia,111.1754,34.7856,48,0.02717481930045529,0.04891202322253296,0.24430027859145775
80,Yichang,111.31052,30.70758,48,0.053743935612554083,0.07267260786615348,0.13712459971756297
81,Jingzhou,112.2502,30.32483333333333,48,0.10108060923331985,0.05847020009083126,0.11841260639122098
82,Yueyang,113.15066666666665,29.403616666666665,48,0.08155189423057485,0.058560501680951615,0.16913384006144083
83,Changde,111.70665,29.05795,48,0.06509855747975402,0.06951698294038489,0.15218164442921878
84,Zhangjiajie,110.50303333333333,29.20593333333333,48,0.09286324365310605,0.07387110965558985,0.062497792715935696
85,Mianyang,104.73285,31.47535,48,0.088099165273129,0.13471473021425173,0.18879149589038635
86,Yibin,104.62036666666667,28.775138333333334,48,0.03501681915869137,0.1434707369524365,0.23199879425560754
87,Luzhou,105.43465,28.9,48,0.178210811468268,0.15290860293577002,0.12362231389363976
88,Zigong,104.76195,29.351950000000002,48,0.09290468031578858,0.14880145480394602,0.20801315424895317
89,Deyang,104.39235000000001,31.1204,48,0.08623186978465602,0.12974747394888408,0.16181549928394234
90,Nanchong,106.08621666666666,30.803066666666666,48,0.14698405457516117,0.1398615090528934,0.24476215129150491
91,Xianyang,108.6997,34.3399,48,0.05460389282547051,0.05934247779525936,0.17963658628788648
92,Tongchuan,108.98766666666666,34.949533333333335,48,0.04118566156306813,0.04047185820549526,0.22422511718138094
93,Yanan,109.48803333333335,36.5967,48,0.03749642373990403,0.038421657024049094,0.20165243894221507
94,Baoji,107.18958750000002,34.354125,48,0.031227725031557463,0.041088057706667014,0.20173560804881707
95,Weinan,109.46503333333334,34.4985,48,0.04589027708243365,0.07050397118175522,0.19202268562896163
96,Shizuishan,106.547775,39.047425000000004,48,0.005559561705506422,0.04028050746569789,0.17957383094904866
97,Zhangqiu,117.541,36.71,48,0.025266987557172604,0.03458960023400193,0.21431367142649838
98,Jimo,120.47,36.39,48,0.024583000793032883,0.036165954352558316,0.23023024608667597
99,Jiaonan,120.005,35.878,48,0.019276144453977295,0.03899000347837256,0.18261184786161744
100,Jiaozhou,120.014,36.253,48,0.014363981862877573,0.04358750607578321,0.2072382644696692
101,Laixi,120.515,36.885,48,0.009639652471373772,0.06113711898473584,0.2577295500650232
102,Pingdu,119.95200000000001,36.792,48,0.018767990507024268,0.04176036451628695,0.23783110775450456
103,Penglai,120.76,37.817,48,0.013146141784217913,0.05343503201487776,0.3524788610721117
104,Zhaoyuan,120.399,37.374,48,0.010414543906781426,0.0565368894303091,0.2866540800923869
105,Laizhou,119.95,37.1785,48,0.02266731561466362,0.04542575135933957,0.26981636314152624
106,Rushan,121.531,36.913000000000004,48,0.011146043592068278,0.040867240374354186,0.2573867236811215
107,Wujiang,120.64299999999999,31.165666666666667,48,0.01874492341105105,0.05369013785626475,0.24551780216214247
108,Taicang,121.14,31.421999999999997,48,0.01864178841996711,0.051641768539749,0.2959455982338821
109,Jurong,119.146,31.955,48,0.056604314769420516,0.05117137810962824,0.13782613019082945
110,Jiangyin,120.269,31.916333333333338,48,0.024119443049940847,0.06519617481904416,0.2706831357339671
111,Yixing,119.818,31.354,48,0.02986599659172573,0.07761338114985628,0.19778065257497968
112,Jintan,119.579,31.744,48,0.0271452659864041,0.05260853953857747,0.19736418980638804
113,Liyang,119.44899999999998,31.3585,48,0.02848393919805836,0.060668516641205095,0.17031775360286128
114,Linan,119.7183,30.2366,48,0.02812433619771626,0.07970665439881297,0.16220024137358846
115,Fuyang,117.2097,31.934033333333332,48,0.06178976095688116,0.0724247627939123,0.1372297230932562
116,Yiwu,120.06550000000001,29.319499999999998,48,0.051765609692696724,0.08666004462235644,0.16702310332517478
117,Xinyang,114.061525,32.13015,48,0.049999911563952226,0.06322104745087076,0.12864399456897613
118,Zhoukou,114.65715,33.621500000000005,48,0.050680463456186264,0.048662863276962676,0.14167321271427324
119,Jincheng,112.84638333333332,35.50058333333333,48,0.05524597882968152,0.05348860308642445,0.2228439203317636
120,Shuozhou,112.43119999999999,39.34474,48,0.03536047471876613,0.04177819326723575,0.2920831967718297
121,Jinzhong,112.73200000000001,37.707233333333335,48,0.01299429537402208,0.043531700397198,0.24708339182869798
122,Yuncheng,111.007025,35.055324999999996,48,0.0808404170018221,0.05773938349991847,0.15849851135997794
123,Xinzhou,112.72473333333335,38.454433333333334,48,0.043683811433145814,0.057026966157169956,0.27112222051145807
124,Lu:liang,111.1406,37.5211,48,0.07388257675286514,0.048049420456803826,0.20069412634046946
125,Wuhai,106.80796666666667,39.675333333333334,48,0.009730252564955522,0.04114708644442022,0.16381758450448736
126,Bayannaoer,107.50735,40.8384,48,0.031023643113754273,0.05214154850720687,0.14346572744772013
127,Wulanchabu,113.1306,40.9923,48,0.06350630209752495,0.07647154463499484,0.2788056054149961
128,Alashanmeng,105.69966666666666,38.84296666666666,48,0.011092038893247502,0.07972861151711363,0.15533860756616613
129,Chaoyang,120.42083333333335,41.59093333333334,48,0.01185110158958691,0.04169703414578174,0.3703767524342636
130,Bangbu,117.35681666666669,32.929249999999996,48,0.02075974003033998,0.04954630542466998,0.16465045233825115
131,Huainan,116.8364,32.66645,48,0.03965845555411851,0.045581049587889666,0.13581605491167825
132,Huaibei,116.7973,33.940266666666666,48,0.03414320310432639,0.03883530722844852,0.1354749942624599
133,Tongling,117.80895,30.929616666666664,48,0.05727565211358898,0.06456595132021747,0.175152024384162
134,Anqing,117.02473333333334,30.546900000000004,48,0.058181554216689135,0.06030164287537798,0.16210076295111853
135,Huangshan,118.25546666666666,29.903033333333337,48,0.09641421923179894,0.08834371190887758,0.1477724916959693
136,Chuzhou,118.31653333333334,32.3,48,0.03906644504478596,0.06429437821772988,0.1669278649718544
137,Liuan,116.514725,31.76245,48,0.042007540321975845,0.0535733178169715,0.11467245791086655
138,Chizhou,117.48355000000001,30.6578,48,0.1713367287888804,0.03998171561461272,0.09406564362839032
139,Xuancheng,118.73806666666667,30.953999999999997,48,0.05483460584336397,0.05792686701271921,0.12884199651185024
140,Jingdezhen,117.2242,29.304219999999997,48,0.10775249737165771,0.09700383526943057,0.2278757972082125
141,Yingtan,117.01343999999999,28.20856,48,0.06790457680573114,0.12472131776190376,0.21018351820008507
142,Shangrao,117.9583,28.448825,48,0.10284267913446155,0.12957994608047874,0.2070279366582206
143,Hebi,114.25113333333333,35.794533333333334,48,0.03265286525175359,0.046473066851767664,0.17405530772309818
144,Xinxiang,113.86766666666666,35.294999999999995,48,0.03293413735177575,0.04558893186092339,0.17763988063650438
145,Puyang,115.057,35.76573333333334,48,0.02208888737806891,0.044219504307289714,0.17534282762757847
146,Xuchang,113.81184999999999,34.0035,48,0.033558376909968546,0.0419798918633294,0.1795979771772428
147,Luohe,114.0268,33.570325000000004,48,0.05834048972806605,0.04868814270743915,0.1510348635140616
148,Nanyang,112.5317,32.990125000000006,48,0.06198678754211717,0.04575193770155839,0.10645082267080741
149,Shangqiu,115.6547,34.421533333333336,48,0.04679501350078019,0.035278988802938116,0.12509867560100774
150,Zhumadian,114.00903333333333,32.98930000000001,48,0.04488315488900596,0.05223666640984537,0.16097036813436338
151,Huangshi,115.01512500000001,30.213050000000003,48,0.10270415460164983,0.06160284330407162,0.14576738098222597
152,Shiyan,110.8579,32.563675,48,0.0632036962399889,0.09436265407032185,0.163302059987935
153,Xiangfan,112.171825,32.07015,48,0.04415727334321895,0.042440053736893746,0.16958115318523292
154,Ezhou,114.8666,30.393033333333335,48,0.08313017012141422,0.062082323959144814,0.14727681506746093
155,Jingmen,112.20646666666669,31.025366666666667,48,0.07072339519308124,0.0559072275561886,0.14381228564950244
156,Xiaogan,113.92865,30.918,48,0.13380188053344255,0.06522518547637968,0.11558098396029903
157,Huanggang,114.9028,30.4742,48,0.07723808240380259,0.06333926453171324,0.12221978182706794
158,Xianning,114.313325,29.840425,48,0.10179893165101617,0.04466415368280041,0.08445887846450995
159,Suizhou,113.37996666666668,31.71636666666667,48,0.07804836423649186,0.07524713481416645,0.1438977730291222
160,Enshizhou,109.4864,30.290399999999998,48,0.15884420086433115,0.1550036190126396,0.12056770428523111
161,Yiyang,112.34146666666668,28.581833333333332,48,0.11133890406119384,0.06523077704391844,0.11076812503780564
162,Xiangxizhou,109.71415,28.2922,48,0.11353105200427727,0.1049431481780766,0.10990136834660735
163,Guangyuan,105.84909999999999,32.437375,48,0.08546449472628548,0.10933838222720316,0.13483022537263534
164,Suining,105.69723333333333,30.574333333333332,48,0.1256675561950038,0.1454864678289185,0.23220769916591255
165,Neijiang,105.052675,29.588475,48,0.1688915073150935,0.13528856150964563,0.15646651920267962
166,Leshan,103.7602,29.573800000000002,48,0.042543741495693066,0.13611291504799095,0.16823386001662033
167,Meishan,103.87010000000001,30.069,48,0.16584335187776134,0.14474015998019885,0.08260542455962416
168,Guangan,106.63206666666667,30.459666666666667,48,0.1407280189714053,0.1543480118814613,0.19808068354368613
169,Dazhou,107.50337999999999,31.22138,48,0.12298184037001303,0.15915153765129098,0.25709350268957043
170,Yaan,103.0109,29.9834,48,0.01450886382586758,0.09051273129270809,0.09484023273576558
171,Ziyang,104.6405,30.133,48,0.13257387422716527,0.15563117522688974,0.13758709077650644
172,Hanzhong,107.01043333333332,33.07223333333334,48,0.0785571032597917,0.1208415527679535,0.17424044033566632
173,Ankang,109.02213333333333,32.68973333333333,48,0.08954536452971029,0.10190417810166363,0.12100137790912979
174,Shangluo,109.9154,33.8715,48,0.04468241842942722,0.06623768472573943,0.14662903194240384
175,Baiyin,104.1731,36.546949999999995,48,0.031004240662424243,0.039477650224082894,0.09108154277179814
176,Tianshui,105.79475,34.573350000000005,48,0.11968083487026726,0.033483197170848356,0.04876754681252182
177,Pingliang,106.68655000000001,35.53775,48,0.10294877406297076,0.039603687904659735,0.13268246638126724
178,Qingyang,107.65336666666667,35.65306666666667,48,0.051569394604203955,0.03703966561322869,0.14570245076974975
179,Dingxi,104.61985,35.58445,48,0.10561255796766789,0.023037573852712323,0.0353430849391444
180,Linxiazhou,103.21015,35.6018,48,0.1647150815610563,0.03267626491221298,0.052293627228804374
181,Wuzhong,106.19925,37.97835,48,0.0284693264548731,0.030288818411412843,0.13271305957599733
182,Zhongwei,105.18855,37.258700000000005,48,0.01890325523627312,0.04126016997674187,0.09415798341844639
183,Guyuan,106.24953333333333,36.055,48,0.027444995905224312,0.03955455462765178,0.08397367988767857
0,Beijing,116.39824999999998,40.045975000000006,72,0.0012765287741194342,0.024766142859856455,0.5228884212127078
1,Tianjin,117.32216666666666,39.07768333333333,72,0.000202348622032833,0.03455058046843762,0.3801872103037597
2,Shijiazhuang,114.49317142857144,38.033628571428565,72,0.011285582810829586,0.048510330440337146,0.2883434623012371
3,Tangshan,118.18291666666666,39.64495333333334,72,0.006865027662677603,0.05109451447981206,0.3532677043046899
4,Qinhuangdao,119.606875,39.936249999999994,72,0.00155528529741078,0.04030786175345735,0.3833448837775204
5,Handan,114.51387499999998,36.607859999999995,72,0.015537655294906583,0.04585988630136839,0.1981173502470246
6,Baoding,115.4852,38.876266666666666,72,0.005588750981223134,0.05217850131721202,0.28676562709237663
7,Zhangjiakou,114.90084999999999,40.80275,72,0.0008073318621701908,0.026125644810470305,0.3239527399039209
8,Chengde,117.92774,40.96416,72,0.0014796344499863334,0.02342951873636101,0.4042636613452528
9,Langfang,116.7151,39.52605,72,-0.0001367847553914725,0.02186103552609897,0.40195991967947475
10,Cangzhou,116.87156666666668,38.31576666666667,72,0.00048589562266476705,0.02957137282074007,0.2869381155534517
11,Hengshui,115.6761,37.744800000000005,72,0.0035994331426779658,0.03764744210788007,0.2475756070747357
12,Xingtai,114.506675,37.0771,72,0.008678190033116318,0.04231295163123727,0.2532146204312
13,Taiyuan,112.50899999999999,37.8489,72,0.001703327537299626,0.021818629112834498,0.37095492184260426
14,Huhehaote,111.66738571428571,40.80768571428571,72,0.002757887734446074,0.02859477697007684,0.44158406397657757
15,Dalian,121.62808148888888,38.95904567888889,72,0.004450296768060413,0.03089127646212242,0.3502866924540946
16,Shanghai,121.45294433333333,31.210789000000002,72,0.005410785651644212,0.03371921423128421,0.3108911487984438
17,Nanjing,118.77449999999999,32.0488,72,0.004539318291251759,0.04677236448147326,0.20120893104990512
18,Suzhou,119.52117999999999,32.002930000000006,72,0.008466995888120055,0.06500649910636036,0.22933851792758264
19,Nantong,120.8786,31.99044,72,0.005791606108748626,0.04607439092464749,0.3169139376445318
20,Lianyungang,119.176,34.5885,72,0.00040177372156069424,0.02943169592908479,0.27139497615635055
21,Xuzhou,117.23046000000002,34.260400000000004,72,0.00275679159839759,0.03799420902784989,0.1815119196432895
22,Yangzhou,119.3965,32.39305,72,0.001899212745442913,0.048619452905146465,0.2510947507264033
23,Wuxi,120.28957142857143,31.570185714285714,72,0.010652896227512976,0.04594897608179627,0.2429009188020982
24,Changzhou,119.94533333333334,31.7911,72,0.0011530623214723867,0.04093384293107205,0.27235729845275325
25,Zhenjiang,119.53366666666666,32.1784,72,0.002366543063672233,0.04998273455659963,0.26370723369692106
26,Taizhou,120.62981666666667,30.54818333333333,72,0.007262253310295286,0.05777746065745082,0.24710409009237777
27,Huaian,119.03584000000001,33.58214,72,0.0042776520210736635,0.03981578681299103,0.2577361509988849
28,Yancheng,120.16633333333334,33.39703333333333,72,0.0016483490027338066,0.04025457397382104,0.2954822999911002
29,Suqian,118.3072,33.9517,72,0.0010284685755496126,0.04053899062548527,0.21441822695162915
30,Hangzhou,120.0819090909091,30.21117272727272,72,0.007718905227793393,0.058808972651951286,0.2103856644259524
31,Ningbo,121.62942857142858,29.866699999999998,72,0.0071671129747824525,0.03280608828545828,0.2542009808719965
32,Shaoxing,120.605,29.9919,72,0.007452038033925357,0.04103192178398396,0.17406307380949215
33,Huzhou,120.07,30.8244,72,0.012843618196372586,0.07103505387444042,0.1867930108507434
34,Jiaxing,120.735,30.7712,72,0.007378074825845404,0.047496339260707066,0.23529582016955364
35,Jinhua,119.66650000000001,29.08995,72,0.0235409634040028,0.08684840544039552,0.1933084702849992
36,Quzhou,118.86566666666668,28.960433333333338,72,0.018278220748966234,0.09479339175528989,0.20389482040376028
37,Lishui,119.90766666666666,28.444366666666667,72,0.014680696984151198,0.0868235553010992,0.14980134991196814
38,Hefei,117.24780000000001,31.848240000000004,72,0.0067787543807749095,0.04641429050339063,0.18241104980309986
39,Nanchang,115.873075,28.702825,72,0.03601931227162358,0.09110824843980292,0.19743124726236272
40,Jinan,117.00885,36.6576,72,0.030196220101035842,0.04933319145958637,0.2306415120692792
41,Qingdao,120.36067142857142,36.14881428571428,72,0.007320033909634538,0.0395094550415751,0.2633453269624849
42,Zhengzhou,113.66537142857143,34.760628571428576,72,0.010462724730280426,0.04819729145736007,0.2358136829284666
43,Wuhan,114.2870125,30.5767625,72,0.026746312062943645,0.060457146431692754,0.207913679212972
44,Zhangsha,112.98362999999999,28.205220000000004,72,0.037128573730191294,0.07542300255636669,0.20630629268897405
45,Zhongqing,106.50192307692306,29.617815384615387,72,0.08630410958756651,0.18714556470461619,0.16534238416768754
46,Chengdou,104.002,30.715500000000002,72,0.029455846161761,0.14765331824531613,0.1695057941219018
47,Xian,108.99450909090909,34.30269090909091,72,0.007389613186947308,0.0654018408834981,0.2313889857237491
48,Lanzhou,103.86275,36.0405,72,0.00716577597066359,0.036269502601136705,0.10127531512552801
49,Yinchuan,106.1066,38.53423333333333,72,0.015703829555022142,0.02001164765441865,0.12249627502097149
50,Baotou,109.90826666666668,40.627783333333326,72,0.0015936117949565398,0.033446711296369225,0.3304420430596835
51,Eerduosi,109.90195999999999,39.72498,72,0.0026258228039380827,0.03171997297062512,0.30004412429517946
52,Huludao,120.864825,40.7384,72,0.0015532003282816564,0.03007324170053527,0.3476972959904302
53,Laiwu,117.6789,36.2289,72,0.00373342786263009,0.03822074038378798,0.21464682859260376
54,Linyi,118.3286,35.04769999999999,72,0.006836287516132078,0.06278189222661346,0.26988483656918605
55,Liaocheng,115.98415,36.4584,72,0.022902497330982152,0.05243594970299026,0.21845317562274913
56,Binzhou,117.9952,37.37833333333333,72,0.0005429364503911627,0.05009461371435053,0.31682807304961424
57,Zibo,118.02022000000002,36.75354,72,0.007142108596516539,0.04178614533782066,0.2473362227170337
58,Zaozhuang,117.51355000000001,34.806025,72,0.010458524654477941,0.047865520118679394,0.2287151929214838
59,Yantai,121.36026666666667,37.5074,72,0.004079511603107044,0.037779653456115,0.362479419797187
60,Weifang,119.15213333333332,36.72526666666667,72,0.0007646951461920404,0.03435800967305069,0.2506738258566681
61,Jining,116.59023333333333,35.41543333333333,72,0.05350161316252411,0.050306523768841926,0.13479790645578305
62,Taian,117.11326666666666,36.188066666666664,72,0.002000937812065451,0.03890381613666116,0.26187690684016707
63,Rizhao,119.49195,35.4206,72,0.00557333985587638,0.04517546296850905,0.2876509849213543
64,Dongying,118.5019,37.4658,72,0.001360638138978132,0.04697248242562346,0.30243200835562634
65,Heze,115.45083066666666,35.25212966666667,72,0.03211694948190802,0.040827959937478786,0.15219989271649692
66,Datong,113.31258,40.097699999999996,72,0.000822760172053183,0.03203413595394888,0.37502637023196084
67,Zhangzhi,113.0949861,36.18655,72,0.010013550022108686,0.030139846856267583,0.21104602867542566
68,Linfen,111.518825,36.07985,72,0.016341829098129423,0.04059175261239567,0.24942531912133303
69,Yangquan,113.56226666666667,37.860699999999994,72,0.004246619590367096,0.028340991666706117,0.334743156510786
70,Jinzhou,121.1185,41.05882,72,0.003084768785202141,0.027340151459550155,0.41558508322362153
71,Wuhu,118.37395000000001,31.36785,72,0.016438697685157377,0.061993269776070004,0.16958557701550336
72,Maanshan,118.52462,31.69678,72,0.012643251857104798,0.05937134948791423,0.1896641970605203
73,Jiujiang,115.98975714285714,29.673300000000005,72,0.022316715782015106,0.09152315063550165,0.21571705033888078
74,Luoyang,112.41968333333334,34.65716666666667,72,0.01047300744832147,0.04560626273890156,0.26022575629874356
75,Anyang,114.37566666666665,36.086,72,0.005220381341104696,0.04221030796377878,0.17625739659417516
76,Kaifeng,114.3336,34.79076666666667,72,0.0030704185810505047,0.02311482608031601,0.1780672814474067
77,Jiaozuo,113.2242,35.21613333333333,72,0.015677132955306927,0.03914368452141348,0.26757626983927985
78,Pingdingshan,113.26013333333333,33.73246666666667,72,0.034928570739557685,0.05302983426909691,0.21242166711769217
79,Sanmenxia,111.1754,34.7856,72,0.002124170086413746,0.04092302841907158,0.2587128936486568
80,Yichang,111.31052,30.70758,72,0.033168355654813575,0.06392777929610693,0.13811168162792198
81,Jingzhou,112.2502,30.32483333333333,72,0.051804066825462014,0.05171782591243479,0.12534977056468333
82,Yueyang,113.15066666666665,29.403616666666665,72,0.033670006904759076,0.06199073337573002,0.18344171967363376
83,Changde,111.70665,29.05795,72,0.035125299622229766,0.06136515210484539,0.15807894316575977
84,Zhangjiajie,110.50303333333333,29.20593333333333,72,0.05980425201127959,0.06955665674804123,0.06544905861924188
85,Mianyang,104.73285,31.47535,72,0.029783718431634965,0.15014382103099078,0.19941144387853016
86,Yibin,104.62036666666667,28.775138333333334,72,0.0050910407356026255,0.12403892711064535,0.24815702326551636
87,Luzhou,105.43465,28.9,72,0.09422925732754428,0.16662824530180576,0.14170333525206436
88,Zigong,104.76195,29.351950000000002,72,0.03157283622663476,0.15415305941977564,0.23411157400582083
89,Deyang,104.39235000000001,31.1204,72,0.03312648589034495,0.14102899975043715,0.1762422601668011
90,Nanchong,106.08621666666666,30.803066666666666,72,0.0638140609748068,0.16559180207371593,0.26136694192836063
91,Xianyang,108.6997,34.3399,72,0.01503969859245069,0.056783052107636234,0.19075456290671378
92,Tongchuan,108.98766666666666,34.949533333333335,72,0.005451304285465475,0.036722854231023505,0.24062892041771966
93,Yanan,109.48803333333335,36.5967,72,0.006006285260957922,0.028291432597635446,0.2104854345650079
94,Baoji,107.18958750000002,34.354125,72,0.005651218815538428,0.0333377943943568,0.21001464666564262
95,Weinan,109.46503333333334,34.4985,72,0.007139454708662507,0.0675058251888293,0.20815415373589652
96,Shizuishan,106.547775,39.047425000000004,72,0.003315769828391768,0.019338696863733795,0.18213800885132825
97,Zhangqiu,117.541,36.71,72,0.008907642908129842,0.026387456009670518,0.22224764979912326
98,Jimo,120.47,36.39,72,0.007628356133244862,0.03175560911749242,0.23752354616402593
99,Jiaonan,120.005,35.878,72,0.00473567304808431,0.03456613233120165,0.183412921680283
100,Jiaozhou,120.014,36.253,72,0.0016021337764914323,0.03957840442807503,0.21170440190754536
101,Laixi,120.515,36.885,72,0.0004892403236509413,0.04106801476892086,0.2558521915485633
102,Pingdu,119.95200000000001,36.792,72,0.007503861916875687,0.03531890210505817,0.24020037316917708
103,Penglai,120.76,37.817,72,0.0015559590778736476,0.044149002544620286,0.3621070496902583
104,Zhaoyuan,120.399,37.374,72,0.0017202209225940512,0.04936396351114347,0.2889554419528071
105,Laizhou,119.95,37.1785,72,0.00818688237103804,0.04311326281211969,0.2766863587746192
106,Rushan,121.531,36.913000000000004,72,0.0039681755515372785,0.03275844759361024,0.26104145644819843
107,Wujiang,120.64299999999999,31.165666666666667,72,0.003768506403266425,0.04460322668908778,0.25290216126748866
108,Taicang,121.14,31.421999999999997,72,0.002671871516847335,0.03309560292738345,0.3053807114695932
109,Jurong,119.146,31.955,72,0.026450449679187082,0.05115546551793859,0.15026698666299032
110,Jiangyin,120.269,31.916333333333338,72,0.004872955232909537,0.04523840215858377,0.2803897211818742
111,Yixing,119.818,31.354,72,0.0029005521495159003,0.05671913068096768,0.20668592978953637
112,Jintan,119.579,31.744,72,0.00842800448758163,0.04503687462956141,0.20490529278471026
113,Liyang,119.44899999999998,31.3585,72,0.007214805161409932,0.05050024568509015,0.17723032918200898
114,Linan,119.7183,30.2366,72,0.010767527878165373,0.05912757849020822,0.16698093589777874
115,Fuyang,117.2097,31.934033333333332,72,0.024342249970731866,0.07002631633429879,0.14917601336494057
116,Yiwu,120.06550000000001,29.319499999999998,72,0.02199690609944105,0.061806386697549454,0.1777402591545335
117,Xinyang,114.061525,32.13015,72,0.01493759804881023,0.04492230916963902,0.14229553833576125
118,Zhoukou,114.65715,33.621500000000005,72,0.02777413636808934,0.048072889600875524,0.14953651611158858
119,Jincheng,112.84638333333332,35.50058333333333,72,0.01831658824459126,0.04692860285987488,0.2405852449918643
120,Shuozhou,112.43119999999999,39.34474,72,0.007995634964366505,0.03270471606348624,0.3073341283456623
121,Jinzhong,112.73200000000001,37.707233333333335,72,0.0017608075545593183,0.021608296499170843,0.2539144913676268
122,Yuncheng,111.007025,35.055324999999996,72,0.03918226004385894,0.05735990862899076,0.1662600030796506
123,Xinzhou,112.72473333333335,38.454433333333334,72,0.009999185106296271,0.042119211906302745,0.291761556866279
124,Lu:liang,111.1406,37.5211,72,0.038300953503243806,0.043221774410453606,0.2143849187158069
125,Wuhai,106.80796666666667,39.675333333333334,72,0.0020512743397002042,0.026308459574740595,0.16746003974082435
126,Bayannaoer,107.50735,40.8384,72,0.015407918677089238,0.04030382493681606,0.1490241135792275
127,Wulanchabu,113.1306,40.9923,72,0.03850446513419292,0.07212678054939425,0.2906280675205427
128,Alashanmeng,105.69966666666666,38.84296666666666,72,0.005682479600468415,0.02783935818588068,0.15787599370767735
129,Chaoyang,120.42083333333335,41.59093333333334,72,0.001276259360681431,0.032282067293025185,0.3741147434241008
130,Bangbu,117.35681666666669,32.929249999999996,72,0.005188518948246346,0.04534329099200762,0.16994829977548798
131,Huainan,116.8364,32.66645,72,0.013372500307921364,0.04208750974285613,0.143369068405233
132,Huaibei,116.7973,33.940266666666666,72,0.013381863396341287,0.04213445343299527,0.1381066744679249
133,Tongling,117.80895,30.929616666666664,72,0.020205220044479555,0.06010258202749075,0.18818376211784782
134,Anqing,117.02473333333334,30.546900000000004,72,0.02433519201908796,0.05838829858921146,0.17259741147190322
135,Huangshan,118.25546666666666,29.903033333333337,72,0.05405992862890596,0.0694487965940328,0.16311986661697664
136,Chuzhou,118.31653333333334,32.3,72,0.01610528758774421,0.05969002322908368,0.17534336987468402
137,Liuan,116.514725,31.76245,72,0.01129430005299692,0.04774350448181608,0.1185041081873669
138,Chizhou,117.48355000000001,30.6578,72,0.11924128316439575,0.039316670281633215,0.10436236758776063
139,Xuancheng,118.73806666666667,30.953999999999997,72,0.0215257856285056,0.05164255910224058,0.13887322916479639
140,Jingdezhen,117.2242,29.304219999999997,72,0.040960972250288274,0.0858898903771863,0.26158585093011877
141,Yingtan,117.01343999999999,28.20856,72,0.021540827929560025,0.1085375674262794,0.233930247115276
142,Shangrao,117.9583,28.448825,72,0.04848223144965014,0.10690327466155558,0.22766375025685326
143,Hebi,114.25113333333333,35.794533333333334,72,0.007824705045352598,0.03350503943764005,0.1848867595093967
144,Xinxiang,113.86766666666666,35.294999999999995,72,0.008565232708016679,0.04147360879225104,0.18565395434102383
145,Puyang,115.057,35.76573333333334,72,0.0032850810340566694,0.03479200765163126,0.18040580781872795
146,Xuchang,113.81184999999999,34.0035,72,0.011732415093762105,0.03298949078503255,0.18687215951503688
147,Luohe,114.0268,33.570325000000004,72,0.02870879501632262,0.037147863489748856,0.1611488145067469
148,Nanyang,112.5317,32.990125000000006,72,0.027816956349863697,0.036786655307927685,0.11304964990089317
149,Shangqiu,115.6547,34.421533333333336,72,0.02359997566711769,0.028954944416117012,0.1294333127392715
150,Zhumadian,114.00903333333333,32.98930000000001,72,0.011678952058535086,0.029448190805801855,0.17416155277668732
151,Huangshi,115.01512500000001,30.213050000000003,72,0.05323537737951611,0.06274288978273723,0.1613639519054677
152,Shiyan,110.8579,32.563675,72,0.010484186980400767,0.07124688789671296,0.1757939018653626
153,Xiangfan,112.171825,32.07015,72,0.009592870969220457,0.036489157396685235,0.1742561831321976
154,Ezhou,114.8666,30.393033333333335,72,0.03734762353765764,0.0562613190235699,0.16272599622686612
155,Jingmen,112.20646666666669,31.025366666666667,72,0.03387739224642594,0.0506653897160001,0.14876280101692574
156,Xiaogan,113.92865,30.918,72,0.08662051400627235,0.060578764125501006,0.1262307261819049
157,Huanggang,114.9028,30.4742,72,0.04170899624187041,0.05493959785249236,0.13489051000786811
158,Xianning,114.313325,29.840425,72,0.049695237073316134,0.04347243767405973,0.09419473121083932
159,Suizhou,113.37996666666668,31.71636666666667,72,0.03484260701790609,0.07003023834825761,0.15447539720498338
160,Enshizhou,109.4864,30.290399999999998,72,0.09476520096041086,0.15338965821805406,0.12973169448665722
161,Yiyang,112.34146666666668,28.581833333333332,72,0.06305013910952983,0.06744085854782689,0.12104412221456406
162,Xiangxizhou,109.71415,28.2922,72,0.06806983117819854,0.08960992442754157,0.12150302050757333
163,Guangyuan,105.84909999999999,32.437375,72,0.026759659334697927,0.12196451345136838,0.13929010016096377
164,Suining,105.69723333333333,30.574333333333332,72,0.04622387664613914,0.16582961406807917,0.2546731332356077
165,Neijiang,105.052675,29.588475,72,0.08723680489807051,0.15416664997325902,0.17779623275194412
166,Leshan,103.7602,29.573800000000002,72,0.014541812637469231,0.12203620939426685,0.1797353678530378
167,Meishan,103.87010000000001,30.069,72,0.10920830919727131,0.14063274675647364,0.09639290001019851
168,Guangan,106.63206666666667,30.459666666666667,72,0.05669526120053803,0.18763690740593297,0.21621329720696847
169,Dazhou,107.50337999999999,31.22138,72,0.05795353787204782,0.16939151685130405,0.26752578085823786
170,Yaan,103.0109,29.9834,72,0.0032980052931056436,0.07611708341414758,0.09701186549475449
171,Ziyang,104.6405,30.133,72,0.05306329200542459,0.17840858257497183,0.15756649112381205
172,Hanzhong,107.01043333333332,33.07223333333334,72,0.01633254252758365,0.12131462857250042,0.18307480936144793
173,Ankang,109.02213333333333,32.68973333333333,72,0.0351796127926699,0.09282514735743108,0.1289859789002301
174,Shangluo,109.9154,33.8715,72,0.0045970113220802356,0.05523581823822299,0.1564624766585777
175,Baiyin,104.1731,36.546949999999995,72,0.008246374604145568,0.0322865758040789,0.09572851494141321
176,Tianshui,105.79475,34.573350000000005,72,0.07450360316307003,0.027008195523982037,0.05540385313287288
177,Pingliang,106.68655000000001,35.53775,72,0.06053133145754863,0.02673686032889444,0.14604155391185325
178,Qingyang,107.65336666666667,35.65306666666667,72,0.009430739504009966,0.03522527405359077,0.15081125825594932
179,Dingxi,104.61985,35.58445,72,0.06014107163545679,0.019090021244749122,0.04181772504048609
180,Linxiazhou,103.21015,35.6018,72,0.13113565777372738,0.028880499693568984,0.05346225850421038
181,Wuzhong,106.19925,37.97835,72,0.011036202690032915,0.027169613729173148,0.13762515691516453
182,Zhongwei,105.18855,37.258700000000005,72,0.005102981383967475,0.034960350051003064,0.09675434479395417
183,Guyuan,106.24953333333333,36.055,72,0.00426510009462866,0.036933569480455564,0.08700952349255875
