horizon_hours,signal,alpha,base_mae,corrected_mae,delta_mae,baseline_probe_mae,incremental_delta_vs_baseline_probe
3,baseline_current_pm+prediction,100.0,9.540740966796875,9.613085746765137,0.07234477996826172,,
3,spatial_innovation,100.0,9.540740966796875,9.626957798323456,0.08621683152658122,9.613085746765137,0.013872051558319498
3,neighbor_trend,100.0,9.540740966796875,9.552714434600315,0.011973467803439775,9.613085746765137,-0.060371312164821944
3,regional_factor,100.0,9.540740966796875,9.620254516601562,0.0795135498046875,9.613085746765137,0.007168769836425781
3,wind_aligned_innovation,0.01,9.540740966796875,9.634049415588379,0.0933084487915039,9.613085746765137,0.020963668823242188
3,wind_lagged_innovation_3h,100.0,9.540740966796875,9.578401565551758,0.03766059875488281,9.613085746765137,-0.034684181213378906
3,wind_lagged_innovation_6h,100.0,9.540740966796875,9.608540534973145,0.06779956817626953,9.613085746765137,-0.0045452117919921875
3,dewpoint,100.0,9.540740966796875,9.613005638122559,0.0722646713256836,9.613085746765137,-8.0108642578125e-05
3,precipitation,100.0,9.540740966796875,9.611226081848145,0.07048511505126953,9.613085746765137,-0.0018596649169921875
3,boundary_layer_height,100.0,9.540740966796875,9.602490425109863,0.06174945831298828,9.613085746765137,-0.010595321655273438
3,ventilation,100.0,9.540740966796875,9.597050666809082,0.05630970001220703,9.613085746765137,-0.016035079956054688
3,dewpoint_deficit,100.0,9.540740966796875,9.6226167678833,0.08187580108642578,9.613085746765137,0.009531021118164062
6,baseline_current_pm+prediction,100.0,12.566766738891602,12.6371431350708,0.07037639617919922,,
6,spatial_innovation,100.0,12.566766738891602,12.643184548349362,0.07641780945776055,12.6371431350708,0.006041413278561336
6,neighbor_trend,100.0,12.566766738891602,12.654786238877056,0.08801949998545489,12.6371431350708,0.017643103806255667
6,regional_factor,100.0,12.566766738891602,12.637398719787598,0.0706319808959961,12.6371431350708,0.000255584716796875
6,wind_aligned_innovation,100.0,12.566766738891602,12.643928527832031,0.07716178894042969,12.6371431350708,0.006785392761230469
6,wind_lagged_innovation_3h,100.0,12.566766738891602,12.609684944152832,0.04291820526123047,12.6371431350708,-0.02745819091796875
6,wind_lagged_innovation_6h,100.0,12.566766738891602,12.635872840881348,0.0691061019897461,12.6371431350708,-0.001270294189453125
6,dewpoint,100.0,12.566766738891602,12.630236625671387,0.06346988677978516,12.6371431350708,-0.0069065093994140625
6,precipitation,100.0,12.566766738891602,12.627741813659668,0.060975074768066406,12.6371431350708,-0.009401321411132812
6,boundary_layer_height,0.01,12.566766738891602,12.64099407196045,0.07422733306884766,12.6371431350708,0.0038509368896484375
6,ventilation,0.01,12.566766738891602,12.628754615783691,0.061987876892089844,12.6371431350708,-0.008388519287109375
6,dewpoint_deficit,0.01,12.566766738891602,12.651493072509766,0.08472633361816406,12.6371431350708,0.014349937438964844
12,baseline_current_pm+prediction,100.0,14.343503952026367,14.408589363098145,0.06508541107177734,,
12,spatial_innovation,0.01,14.343503952026367,14.384618642518767,0.041114690492399575,14.408589363098145,-0.02397072057937777
12,neighbor_trend,100.0,14.343503952026367,14.410139578269261,0.06663562624289376,14.408589363098145,0.0015502151711164203
12,regional_factor,0.01,14.343503952026367,14.357742309570312,0.014238357543945312,14.408589363098145,-0.05084705352783203
12,wind_aligned_innovation,0.01,14.343503952026367,14.364906311035156,0.021402359008789062,14.408589363098145,-0.04368305206298828
12,wind_lagged_innovation_3h,100.0,14.343503952026367,14.38564395904541,0.04214000701904297,14.408589363098145,-0.022945404052734375
12,wind_lagged_innovation_6h,100.0,14.343503952026367,14.411654472351074,0.06815052032470703,14.408589363098145,0.0030651092529296875
12,dewpoint,0.01,14.343503952026367,14.376389503479004,0.03288555145263672,14.408589363098145,-0.032199859619140625
12,precipitation,100.0,14.343503952026367,14.39608097076416,0.05257701873779297,14.408589363098145,-0.012508392333984375
12,boundary_layer_height,100.0,14.343503952026367,14.393875122070312,0.05037117004394531,14.408589363098145,-0.014714241027832031
12,ventilation,100.0,14.343503952026367,14.400572776794434,0.057068824768066406,14.408589363098145,-0.008016586303710938
12,dewpoint_deficit,100.0,14.343503952026367,14.411548614501953,0.06804466247558594,14.408589363098145,0.0029592514038085938
24,baseline_current_pm+prediction,0.01,15.420336723327637,15.440913200378418,0.02057647705078125,,
24,spatial_innovation,0.01,15.420336723327637,15.441044994382098,0.02070827105446149,15.440913200378418,0.0001317940036802412
24,neighbor_trend,0.01,15.420336723327637,15.392943808167393,-0.027392915160243447,15.440913200378418,-0.0479693922110247
24,regional_factor,0.01,15.420336723327637,15.430054664611816,0.009717941284179688,15.440913200378418,-0.010858535766601562
24,wind_aligned_innovation,0.01,15.420336723327637,15.433606147766113,0.013269424438476562,15.440913200378418,-0.0073070526123046875
24,wind_lagged_innovation_3h,0.01,15.420336723327637,15.435555458068848,0.015218734741210938,15.440913200378418,-0.0053577423095703125
24,wind_lagged_innovation_6h,0.01,15.420336723327637,15.441858291625977,0.021521568298339844,15.440913200378418,0.0009450912475585938
24,dewpoint,0.01,15.420336723327637,15.428298950195312,0.007962226867675781,15.440913200378418,-0.012614250183105469
24,precipitation,100.0,15.420336723327637,15.428592681884766,0.008255958557128906,15.440913200378418,-0.012320518493652344
24,boundary_layer_height,100.0,15.420336723327637,15.436298370361328,0.015961647033691406,15.440913200378418,-0.004614830017089844
24,ventilation,100.0,15.420336723327637,15.430876731872559,0.010540008544921875,15.440913200378418,-0.010036468505859375
24,dewpoint_deficit,100.0,15.420336723327637,15.443035125732422,0.022698402404785156,15.440913200378418,0.0021219253540039062
36,baseline_current_pm+prediction,100.0,16.3680477142334,16.42278480529785,0.054737091064453125,,
36,spatial_innovation,0.01,16.3680477142334,16.41538444841344,0.04733673418004258,16.42278480529785,-0.007400356884410542
36,neighbor_trend,100.0,16.3680477142334,16.415713920603007,0.04766620636960894,16.42278480529785,-0.007070884694844182
36,regional_factor,0.01,16.3680477142334,16.40946388244629,0.041416168212890625,16.42278480529785,-0.0133209228515625
36,wind_aligned_innovation,0.01,16.3680477142334,16.409637451171875,0.04158973693847656,16.42278480529785,-0.013147354125976562
36,wind_lagged_innovation_3h,100.0,16.3680477142334,16.418094635009766,0.05004692077636719,16.42278480529785,-0.0046901702880859375
36,wind_lagged_innovation_6h,100.0,16.3680477142334,16.428258895874023,0.060211181640625,16.42278480529785,0.005474090576171875
36,dewpoint,0.01,16.3680477142334,16.40212059020996,0.0340728759765625,16.42278480529785,-0.020664215087890625
36,precipitation,100.0,16.3680477142334,16.406435012817383,0.038387298583984375,16.42278480529785,-0.01634979248046875
36,boundary_layer_height,100.0,16.3680477142334,16.408981323242188,0.04093360900878906,16.42278480529785,-0.013803482055664062
36,ventilation,100.0,16.3680477142334,16.41141700744629,0.043369293212890625,16.42278480529785,-0.0113677978515625
36,dewpoint_deficit,100.0,16.3680477142334,16.423126220703125,0.05507850646972656,16.42278480529785,0.0003414154052734375
48,baseline_current_pm+prediction,0.01,16.673757553100586,16.68521499633789,0.011457443237304688,,
48,spatial_innovation,0.01,16.673757553100586,16.68373222122231,0.009974668121724761,16.68521499633789,-0.0014827751155799263
48,neighbor_trend,0.01,16.673757553100586,16.65623427663706,-0.017523276463524695,16.68521499633789,-0.028980719700829383
48,regional_factor,0.01,16.673757553100586,16.685577392578125,0.011819839477539062,16.68521499633789,0.000362396240234375
48,wind_aligned_innovation,0.01,16.673757553100586,16.685577392578125,0.011819839477539062,16.68521499633789,0.000362396240234375
48,wind_lagged_innovation_3h,0.01,16.673757553100586,16.68684196472168,0.01308441162109375,16.68521499633789,0.0016269683837890625
48,wind_lagged_innovation_6h,0.01,16.673757553100586,16.687211990356445,0.013454437255859375,16.68521499633789,0.0019969940185546875
48,dewpoint,100.0,16.673757553100586,16.68976402282715,0.0160064697265625,16.68521499633789,0.0045490264892578125
48,precipitation,100.0,16.673757553100586,16.672807693481445,-0.000949859619140625,16.68521499633789,-0.012407302856445312
48,boundary_layer_height,100.0,16.673757553100586,16.65682601928711,-0.016931533813476562,16.68521499633789,-0.02838897705078125
48,ventilation,0.01,16.673757553100586,16.66300392150879,-0.010753631591796875,16.68521499633789,-0.022211074829101562
48,dewpoint_deficit,0.01,16.673757553100586,16.68115234375,0.0073947906494140625,16.68521499633789,-0.004062652587890625
72,baseline_current_pm+prediction,0.1,17.14154624938965,17.108440399169922,-0.03310585021972656,,
72,spatial_innovation,0.01,17.14154624938965,17.104515925692215,-0.037030323697432976,17.108440399169922,-0.003924473477706414
72,neighbor_trend,0.01,17.14154624938965,17.084617576411677,-0.05692867297797122,17.108440399169922,-0.023822822758244655
72,regional_factor,1.0,17.14154624938965,17.106979370117188,-0.03456687927246094,17.108440399169922,-0.001461029052734375
72,wind_aligned_innovation,0.01,17.14154624938965,17.10841941833496,-0.0331268310546875,17.108440399169922,-2.09808349609375e-05
72,wind_lagged_innovation_3h,0.01,17.14154624938965,17.109094619750977,-0.032451629638671875,17.108440399169922,0.0006542205810546875
72,wind_lagged_innovation_6h,0.01,17.14154624938965,17.10934829711914,-0.03219795227050781,17.108440399169922,0.00090789794921875
72,dewpoint,100.0,17.14154624938965,17.121620178222656,-0.019926071166992188,17.108440399169922,0.013179779052734375
72,precipitation,100.0,17.14154624938965,17.098793029785156,-0.04275321960449219,17.108440399169922,-0.009647369384765625
72,boundary_layer_height,100.0,17.14154624938965,17.0733585357666,-0.06818771362304688,17.108440399169922,-0.03508186340332031
72,ventilation,0.01,17.14154624938965,17.087942123413086,-0.0536041259765625,17.108440399169922,-0.020498275756835938
72,dewpoint_deficit,0.01,17.14154624938965,17.112564086914062,-0.028982162475585938,17.108440399169922,0.004123687744140625
