horizon_hours,node,station,region,mean_error,mae
3,0,Beijing,6,-1.1308050155639648,10.934637069702148
3,1,Tianjin,5,-0.43832558393478394,11.943192481994629
3,2,Shijiazhuang,6,0.758610725402832,14.015016555786133
3,3,Tangshan,5,1.3348501920700073,14.240060806274414
3,4,Qinhuangdao,5,1.1913385391235352,9.54613971710205
3,5,Handan,2,2.3928122520446777,16.927751541137695
3,6,Baoding,6,0.9270199537277222,16.92740821838379
3,7,Zhangjiakou,6,-0.06335477530956268,9.483027458190918
3,8,Chengde,5,0.36933204531669617,7.101837158203125
3,9,Langfang,5,-1.3657090663909912,12.132634162902832
3,10,Cangzhou,5,1.6830949783325195,13.47044849395752
3,11,Hengshui,2,-1.5396572351455688,16.08368492126465
3,12,Xingtai,2,-0.13494275510311127,15.539368629455566
3,13,Taiyuan,6,0.14059889316558838,16.2667236328125
3,14,Huhehaote,6,0.994109570980072,12.339105606079102
3,15,Dalian,5,-0.30601444840431213,7.886523246765137
3,16,Shanghai,0,0.010804347693920135,7.189808368682861
3,17,Nanjing,0,-2.117969512939453,7.774710655212402
3,18,Suzhou,0,-0.14704778790473938,7.743932247161865
3,19,Nantong,0,-0.36219319701194763,8.72880744934082
3,20,Lianyungang,5,0.636160135269165,11.01717758178711
3,21,Xuzhou,2,1.4077004194259644,11.187421798706055
3,22,Yangzhou,0,1.4156303405761719,11.136543273925781
3,23,Wuxi,0,-0.09040682017803192,7.285184860229492
3,24,Changzhou,0,0.010287889279425144,9.72588062286377
3,25,Zhenjiang,0,1.98846435546875,10.734539031982422
3,26,Taizhou,0,0.7601593136787415,7.757791996002197
3,27,Huaian,0,-0.06708290427923203,10.829021453857422
3,28,Yancheng,0,0.3394101858139038,9.225668907165527
3,29,Suqian,0,1.597137212753296,11.207405090332031
3,30,Hangzhou,0,0.2894178628921509,6.700764179229736
3,31,Ningbo,0,0.3962455093860626,7.727254867553711
3,32,Shaoxing,0,1.1690497398376465,9.778861045837402
3,33,Huzhou,0,0.3859695494174957,8.635685920715332
3,34,Jiaxing,0,0.4778859615325928,7.738330364227295
3,35,Jinhua,0,0.3016473948955536,8.291086196899414
3,36,Quzhou,0,2.0606515407562256,7.885213851928711
3,37,Lishui,0,0.634716808795929,7.510295391082764
3,38,Hefei,0,-0.00824662484228611,8.761327743530273
3,39,Nanchang,7,0.5199041962623596,6.4614763259887695
3,40,Jinan,5,-0.1976485699415207,11.901532173156738
3,41,Qingdao,5,-1.15584397315979,7.5019145011901855
3,42,Zhengzhou,2,1.4583628177642822,11.694531440734863
3,43,Wuhan,7,-0.11581254005432129,8.232931137084961
3,44,Zhangsha,7,1.6819710731506348,8.841407775878906
3,45,Zhongqing,4,-0.8851761817932129,5.389861106872559
3,46,Chengdou,4,-0.5562321543693542,7.69671106338501
3,47,Xian,1,1.2729225158691406,10.17243480682373
3,48,Lanzhou,3,1.9185171127319336,7.721800327301025
3,49,Yinchuan,3,0.8802909255027771,8.822096824645996
3,50,Baotou,6,1.4882031679153442,12.219953536987305
3,51,Eerduosi,6,0.38656139373779297,7.11146879196167
3,52,Huludao,5,1.6465007066726685,12.221226692199707
3,53,Laiwu,5,0.9631805419921875,13.605706214904785
3,54,Linyi,5,-1.1266368627548218,10.855393409729004
3,55,Liaocheng,2,0.6154239773750305,14.203540802001953
3,56,Binzhou,5,0.2083166241645813,14.693581581115723
3,57,Zibo,5,-1.1872776746749878,11.016447067260742
3,58,Zaozhuang,2,-1.30086350440979,11.127690315246582
3,59,Yantai,5,-1.531219720840454,7.827502727508545
3,60,Weifang,5,0.37117254734039307,13.91517162322998
3,61,Jining,2,-0.8522965908050537,8.907622337341309
3,62,Taian,2,-0.29159098863601685,11.410374641418457
3,63,Rizhao,5,0.852471649646759,11.18081283569336
3,64,Dongying,5,-0.9586716294288635,16.965946197509766
3,65,Heze,2,0.9456102848052979,13.572340965270996
3,66,Datong,6,1.8350605964660645,10.114462852478027
3,67,Zhangzhi,2,-0.05497113987803459,15.002615928649902
3,68,Linfen,1,4.014198303222656,17.6693115234375
3,69,Yangquan,6,1.2788466215133667,12.679304122924805
3,70,Jinzhou,5,0.21284714341163635,12.14607048034668
3,71,Wuhu,0,-0.22366176545619965,8.73430347442627
3,72,Maanshan,0,-0.02522660419344902,8.057281494140625
3,73,Jiujiang,7,-0.6867845058441162,5.358451843261719
3,74,Luoyang,2,0.5337799191474915,11.168416023254395
3,75,Anyang,2,-1.4292292594909668,13.92453670501709
3,76,Kaifeng,2,1.549131989479065,14.843526840209961
3,77,Jiaozuo,2,0.19801375269889832,11.030769348144531
3,78,Pingdingshan,2,0.3180912733078003,10.894676208496094
3,79,Sanmenxia,1,0.34149980545043945,12.299568176269531
3,80,Yichang,7,1.3882914781570435,9.346811294555664
3,81,Jingzhou,7,1.3387690782546997,7.917423248291016
3,82,Yueyang,7,0.5389732718467712,7.231747150421143
3,83,Changde,7,-0.34860482811927795,7.513298034667969
3,84,Zhangjiajie,7,-0.08018457889556885,7.000880241394043
3,85,Mianyang,4,1.2385499477386475,7.123195648193359
3,86,Yibin,4,1.8420500755310059,8.524603843688965
3,87,Luzhou,4,-0.028905263170599937,8.27275562286377
3,88,Zigong,4,2.0411412715911865,11.813431739807129
3,89,Deyang,4,1.295777440071106,10.246989250183105
3,90,Nanchong,4,-0.7010632157325745,6.689051628112793
3,91,Xianyang,1,3.332397699356079,16.934345245361328
3,92,Tongchuan,1,0.3157893121242523,10.653268814086914
3,93,Yanan,1,0.7440032362937927,14.22724723815918
3,94,Baoji,1,1.6547343730926514,9.7200345993042
3,95,Weinan,1,1.2960728406906128,12.510160446166992
3,96,Shizuishan,3,1.8997507095336914,13.086616516113281
3,97,Zhangqiu,5,1.7094446420669556,14.134393692016602
3,98,Jimo,5,-0.9630088210105896,11.630548477172852
3,99,Jiaonan,5,2.225635290145874,12.647915840148926
3,100,Jiaozhou,5,-0.81203693151474,10.280418395996094
3,101,Laixi,5,1.6346073150634766,11.532970428466797
3,102,Pingdu,5,0.23376591503620148,15.013859748840332
3,103,Penglai,5,-0.05713117867708206,10.294452667236328
3,104,Zhaoyuan,5,1.4203425645828247,11.999088287353516
3,105,Laizhou,5,-1.9050651788711548,10.18139934539795
3,106,Rushan,5,1.552055835723877,9.459762573242188
3,107,Wujiang,0,-0.8033581972122192,8.13105583190918
3,108,Taicang,0,1.6451542377471924,7.508876323699951
3,109,Jurong,0,2.4450466632843018,10.280837059020996
3,110,Jiangyin,0,-0.2747907042503357,9.77029800415039
3,111,Yixing,0,0.6952498555183411,7.334281921386719
3,112,Jintan,0,-0.5366702079772949,8.273871421813965
3,113,Liyang,0,0.04114080220460892,9.780425071716309
3,114,Linan,0,0.4189591407775879,8.926718711853027
3,115,Fuyang,0,2.2212188243865967,10.851127624511719
3,116,Yiwu,0,0.4994977116584778,6.9380106925964355
3,117,Xinyang,7,2.1589059829711914,9.141289710998535
3,118,Zhoukou,2,0.19255712628364563,11.322197914123535
3,119,Jincheng,2,1.8307560682296753,17.865407943725586
3,120,Shuozhou,6,3.3122146129608154,17.383708953857422
3,121,Jinzhong,6,0.4172815978527069,13.98541259765625
3,122,Yuncheng,1,1.2648292779922485,13.166788101196289
3,123,Xinzhou,6,2.640467643737793,16.203229904174805
3,124,Lu:liang,6,1.9759418964385986,16.326087951660156
3,125,Wuhai,3,2.189696788787842,12.635851860046387
3,126,Bayannaoer,3,0.474277138710022,12.11679744720459
3,127,Wulanchabu,6,-1.0393863916397095,8.304581642150879
3,128,Alashanmeng,3,1.9099656343460083,8.655625343322754
3,129,Chaoyang,5,2.2307441234588623,15.854066848754883
3,130,Bangbu,0,-0.12399376928806305,10.673392295837402
3,131,Huainan,0,3.6193044185638428,11.110228538513184
3,132,Huaibei,2,1.7442748546600342,11.168649673461914
3,133,Tongling,0,1.7386070489883423,9.19323444366455
3,134,Anqing,0,1.697021722793579,9.110332489013672
3,135,Huangshan,0,-1.0648434162139893,7.187929153442383
3,136,Chuzhou,0,-0.24637433886528015,10.43725299835205
3,137,Liuan,0,-1.6681567430496216,8.411548614501953
3,138,Chizhou,0,4.291095733642578,10.013944625854492
3,139,Xuancheng,0,0.8613860607147217,9.42495346069336
3,140,Jingdezhen,0,0.09141673892736435,7.601939678192139
3,141,Yingtan,0,0.3051057755947113,5.670801162719727
3,142,Shangrao,0,0.8064091205596924,6.656074523925781
3,143,Hebi,2,-1.277233362197876,9.75580883026123
3,144,Xinxiang,2,-2.7809574604034424,10.909477233886719
3,145,Puyang,2,0.23855099081993103,13.118152618408203
3,146,Xuchang,2,-0.60673588514328,13.347284317016602
3,147,Luohe,2,-1.1889351606369019,11.634819030761719
3,148,Nanyang,7,0.642093300819397,9.453364372253418
3,149,Shangqiu,2,0.42239758372306824,11.155523300170898
3,150,Zhumadian,2,0.36986881494522095,10.10960865020752
3,151,Huangshi,7,-0.05340056121349335,7.709485054016113
3,152,Shiyan,1,0.4164077043533325,6.071881294250488
3,153,Xiangfan,7,3.5490965843200684,12.287073135375977
3,154,Ezhou,7,0.5766807198524475,9.002006530761719
3,155,Jingmen,7,-0.17182447016239166,9.331555366516113
3,156,Xiaogan,7,0.6585399508476257,8.401308059692383
3,157,Huanggang,7,0.6370322108268738,10.838293075561523
3,158,Xianning,7,1.1610674858093262,7.355754852294922
3,159,Suizhou,7,-0.06831534206867218,8.35232162475586
3,160,Enshizhou,7,0.9904325604438782,6.4000563621521
3,161,Yiyang,7,0.4362166225910187,7.044760704040527
3,162,Xiangxizhou,7,0.7631470561027527,7.030667304992676
3,163,Guangyuan,4,-0.2920181155204773,5.513998508453369
3,164,Suining,4,-0.40055549144744873,5.7280707359313965
3,165,Neijiang,4,0.6345612406730652,8.767582893371582
3,166,Leshan,4,1.450904369354248,9.859153747558594
3,167,Meishan,4,-1.5449601411819458,7.950623512268066
3,168,Guangan,4,-1.0276508331298828,6.176451206207275
3,169,Dazhou,4,1.4415758848190308,8.851372718811035
3,170,Yaan,4,0.7546038627624512,11.20838737487793
3,171,Ziyang,4,-1.1140817403793335,5.078680515289307
3,172,Hanzhong,1,0.9710769653320312,10.283799171447754
3,173,Ankang,1,-0.09624674916267395,7.000120162963867
3,174,Shangluo,1,-0.3786606788635254,5.5762810707092285
3,175,Baiyin,3,1.2563587427139282,9.054208755493164
3,176,Tianshui,3,0.6513192057609558,9.222944259643555
3,177,Pingliang,3,-0.0074537512846291065,9.436321258544922
3,178,Qingyang,1,0.9278969764709473,8.139201164245605
3,179,Dingxi,3,1.1858073472976685,11.649279594421387
3,180,Linxiazhou,3,2.5176498889923096,13.843695640563965
3,181,Wuzhong,3,1.6113277673721313,11.955272674560547
3,182,Zhongwei,3,0.8100615739822388,11.405729293823242
3,183,Guyuan,3,1.930397629737854,9.568086624145508
6,0,Beijing,6,-2.1909453868865967,15.97819995880127
6,1,Tianjin,5,-0.07074817270040512,16.074495315551758
6,2,Shijiazhuang,6,0.7831015586853027,18.952116012573242
6,3,Tangshan,5,1.4451661109924316,17.990476608276367
6,4,Qinhuangdao,5,1.9257168769836426,12.518999099731445
6,5,Handan,2,4.293601036071777,22.470149993896484
6,6,Baoding,6,1.0535458326339722,23.204647064208984
6,7,Zhangjiakou,6,0.19303244352340698,12.199686050415039
6,8,Chengde,5,0.6552618741989136,9.701420783996582
6,9,Langfang,5,-1.5938974618911743,16.158613204956055
6,10,Cangzhou,5,3.4362587928771973,17.21491241455078
6,11,Hengshui,2,-2.211883068084717,20.53000831604004
6,12,Xingtai,2,-0.7420153021812439,20.808652877807617
6,13,Taiyuan,6,0.36189666390419006,21.010986328125
6,14,Huhehaote,6,1.9522275924682617,15.944681167602539
6,15,Dalian,5,0.4738456606864929,10.55935287475586
6,16,Shanghai,0,-0.5251271724700928,10.29999828338623
6,17,Nanjing,0,-4.121433258056641,10.994426727294922
6,18,Suzhou,0,-0.03604549542069435,10.720739364624023
6,19,Nantong,0,-1.2604583501815796,11.62458324432373
6,20,Lianyungang,5,1.321709394454956,13.729959487915039
6,21,Xuzhou,2,4.0071306228637695,15.089606285095215
6,22,Yangzhou,0,2.5496935844421387,14.634454727172852
6,23,Wuxi,0,-2.026555061340332,10.383264541625977
6,24,Changzhou,0,-0.10981784760951996,12.94768238067627
6,25,Zhenjiang,0,2.401797294616699,14.624305725097656
6,26,Taizhou,0,0.7930331230163574,10.126007080078125
6,27,Huaian,0,0.8833361864089966,14.048529624938965
6,28,Yancheng,0,0.8871484398841858,12.216463088989258
6,29,Suqian,0,1.7843573093414307,14.798425674438477
6,30,Hangzhou,0,0.2636975347995758,9.271703720092773
6,31,Ningbo,0,1.21281898021698,10.745115280151367
6,32,Shaoxing,0,2.201627016067505,12.89570426940918
6,33,Huzhou,0,-0.12453611195087433,11.55219554901123
6,34,Jiaxing,0,0.3283838629722595,10.545884132385254
6,35,Jinhua,0,-0.17477433383464813,10.985662460327148
6,36,Quzhou,0,2.857532262802124,10.188379287719727
6,37,Lishui,0,1.4375319480895996,10.049280166625977
6,38,Hefei,0,-1.083130121231079,11.615974426269531
6,39,Nanchang,7,0.7470839619636536,9.368992805480957
6,40,Jinan,5,-1.2684763669967651,16.169097900390625
6,41,Qingdao,5,-1.084873914718628,10.507246971130371
6,42,Zhengzhou,2,0.8615492582321167,16.379695892333984
6,43,Wuhan,7,-0.24675025045871735,11.50765609741211
6,44,Zhangsha,7,2.7427239418029785,12.5797758102417
6,45,Zhongqing,4,-2.042631149291992,8.02297306060791
6,46,Chengdou,4,-1.7037911415100098,11.15569019317627
6,47,Xian,1,2.6436314582824707,14.821404457092285
6,48,Lanzhou,3,1.8074564933776855,10.35938835144043
6,49,Yinchuan,3,1.1081806421279907,11.434128761291504
6,50,Baotou,6,2.4922218322753906,15.967965126037598
6,51,Eerduosi,6,0.5579074025154114,9.000173568725586
6,52,Huludao,5,3.6669020652770996,15.765141487121582
6,53,Laiwu,5,0.9390543699264526,17.920156478881836
6,54,Linyi,5,-1.0163929462432861,14.695178985595703
6,55,Liaocheng,2,0.5818625092506409,18.252685546875
6,56,Binzhou,5,0.5313675403594971,18.70090675354004
6,57,Zibo,5,-2.4934210777282715,14.963470458984375
6,58,Zaozhuang,2,-2.5336782932281494,14.703282356262207
6,59,Yantai,5,-2.5859034061431885,10.587234497070312
6,60,Weifang,5,0.5745975971221924,17.52336883544922
6,61,Jining,2,-2.2623136043548584,12.32235050201416
6,62,Taian,2,-0.9236127138137817,15.085060119628906
6,63,Rizhao,5,0.44913163781166077,14.155585289001465
6,64,Dongying,5,-1.7345222234725952,20.84961700439453
6,65,Heze,2,1.0649385452270508,17.727310180664062
6,66,Datong,6,2.6446175575256348,13.220342636108398
6,67,Zhangzhi,2,0.39710482954978943,19.51557159423828
6,68,Linfen,1,6.884240627288818,23.37226104736328
6,69,Yangquan,6,2.085376262664795,16.76479721069336
6,70,Jinzhou,5,1.1944714784622192,15.703633308410645
6,71,Wuhu,0,-0.3716751039028168,11.945932388305664
6,72,Maanshan,0,-0.7484939098358154,10.725417137145996
6,73,Jiujiang,7,-0.657371461391449,7.811963081359863
6,74,Luoyang,2,1.3230931758880615,14.940133094787598
6,75,Anyang,2,-1.6816457509994507,19.013412475585938
6,76,Kaifeng,2,2.5770211219787598,19.80875015258789
6,77,Jiaozuo,2,0.5075039267539978,14.586586952209473
6,78,Pingdingshan,2,0.3180069327354431,13.99519157409668
6,79,Sanmenxia,1,0.5233944654464722,16.211687088012695
6,80,Yichang,7,1.9128704071044922,12.95317268371582
6,81,Jingzhou,7,1.2530373334884644,10.528450012207031
6,82,Yueyang,7,1.2694264650344849,9.798600196838379
6,83,Changde,7,-0.4685540199279785,9.787970542907715
6,84,Zhangjiajie,7,-0.09442056715488434,9.276853561401367
6,85,Mianyang,4,1.724064588546753,10.200160026550293
6,86,Yibin,4,3.0700223445892334,11.856230735778809
6,87,Luzhou,4,-0.38553184270858765,10.78630542755127
6,88,Zigong,4,3.666476249694824,14.957060813903809
6,89,Deyang,4,1.9562902450561523,12.969902038574219
6,90,Nanchong,4,-1.7976019382476807,8.75706672668457
6,91,Xianyang,1,5.12352180480957,22.392541885375977
6,92,Tongchuan,1,0.5484870672225952,15.228440284729004
6,93,Yanan,1,0.8814055919647217,18.161853790283203
6,94,Baoji,1,2.180774211883545,14.061029434204102
6,95,Weinan,1,2.0921623706817627,16.237489700317383
6,96,Shizuishan,3,2.246640920639038,16.565763473510742
6,97,Zhangqiu,5,2.4845311641693115,17.864334106445312
6,98,Jimo,5,-1.449620246887207,13.79742431640625
6,99,Jiaonan,5,3.5367867946624756,15.660452842712402
6,100,Jiaozhou,5,-0.8388189673423767,13.026315689086914
6,101,Laixi,5,2.915623664855957,14.445663452148438
6,102,Pingdu,5,0.532118558883667,18.303619384765625
6,103,Penglai,5,-0.4029943645000458,12.605091094970703
6,104,Zhaoyuan,5,2.3782033920288086,14.864679336547852
6,105,Laizhou,5,-3.0895087718963623,13.258167266845703
6,106,Rushan,5,2.086270809173584,11.696028709411621
6,107,Wujiang,0,-1.9072788953781128,11.259200096130371
6,108,Taicang,0,1.9147851467132568,10.232375144958496
6,109,Jurong,0,4.514524936676025,14.160070419311523
6,110,Jiangyin,0,0.07976914942264557,12.735296249389648
6,111,Yixing,0,0.7392369508743286,10.037555694580078
6,112,Jintan,0,-0.983254611492157,11.144183158874512
6,113,Liyang,0,-0.8176559209823608,12.633766174316406
6,114,Linan,0,0.28353017568588257,11.79651927947998
6,115,Fuyang,0,4.376674652099609,13.81021785736084
6,116,Yiwu,0,0.027800893411040306,9.405266761779785
6,117,Xinyang,7,3.6240601539611816,12.253236770629883
6,118,Zhoukou,2,0.8139951825141907,15.48829174041748
6,119,Jincheng,2,3.168942928314209,22.224843978881836
6,120,Shuozhou,6,4.64268159866333,20.29881477355957
6,121,Jinzhong,6,0.018761103972792625,18.097505569458008
6,122,Yuncheng,1,1.590406894683838,17.734071731567383
6,123,Xinzhou,6,4.127902507781982,19.743925094604492
6,124,Lu:liang,6,2.708594799041748,19.493915557861328
6,125,Wuhai,3,3.524719476699829,15.704608917236328
6,126,Bayannaoer,3,0.6731858253479004,15.072090148925781
6,127,Wulanchabu,6,-1.427371621131897,10.641743659973145
6,128,Alashanmeng,3,2.1822474002838135,11.119370460510254
6,129,Chaoyang,5,4.613340377807617,19.423959732055664
6,130,Bangbu,0,0.8228428363800049,13.50645637512207
6,131,Huainan,0,7.012251377105713,14.632615089416504
6,132,Huaibei,2,4.311709403991699,15.347208976745605
6,133,Tongling,0,3.3716862201690674,11.645529747009277
6,134,Anqing,0,2.41987681388855,12.115921020507812
6,135,Huangshan,0,-1.5337973833084106,8.640970230102539
6,136,Chuzhou,0,-0.6985337138175964,12.966619491577148
6,137,Liuan,0,-2.1252710819244385,11.063369750976562
6,138,Chizhou,0,7.600304126739502,13.266363143920898
6,139,Xuancheng,0,1.5912219285964966,12.14844036102295
6,140,Jingdezhen,0,0.027054665610194206,9.584992408752441
6,141,Yingtan,0,0.6938973069190979,7.685368061065674
6,142,Shangrao,0,1.1718186140060425,8.966869354248047
6,143,Hebi,2,-2.486102342605591,13.584356307983398
6,144,Xinxiang,2,-4.718374252319336,14.651829719543457
6,145,Puyang,2,0.9178401827812195,17.79465675354004
6,146,Xuchang,2,-0.745822012424469,17.32442855834961
6,147,Luohe,2,-1.0668781995773315,15.745392799377441
6,148,Nanyang,7,1.5361675024032593,12.828214645385742
6,149,Shangqiu,2,0.24721717834472656,15.009806632995605
6,150,Zhumadian,2,0.9686844348907471,13.153592109680176
6,151,Huangshi,7,-0.7313093543052673,10.650404930114746
6,152,Shiyan,1,0.7523812055587769,7.91524600982666
6,153,Xiangfan,7,5.5114030838012695,16.53292465209961
6,154,Ezhou,7,0.8928970098495483,12.124692916870117
6,155,Jingmen,7,-0.6962974071502686,12.302861213684082
6,156,Xiaogan,7,0.6440588235855103,10.78750228881836
6,157,Huanggang,7,1.5565471649169922,13.330787658691406
6,158,Xianning,7,2.094391345977783,9.988064765930176
6,159,Suizhou,7,-0.13583871722221375,11.091559410095215
6,160,Enshizhou,7,1.1132012605667114,8.503788948059082
6,161,Yiyang,7,0.40768513083457947,9.513132095336914
6,162,Xiangxizhou,7,0.48133450746536255,9.28429126739502
6,163,Guangyuan,4,0.019892897456884384,7.2808451652526855
6,164,Suining,4,-0.70272296667099,7.724828243255615
6,165,Neijiang,4,0.45726659893989563,11.299104690551758
6,166,Leshan,4,2.4650962352752686,12.570369720458984
6,167,Meishan,4,-2.8994863033294678,10.349601745605469
6,168,Guangan,4,-1.8456151485443115,8.450712203979492
6,169,Dazhou,4,1.9155296087265015,11.454237937927246
6,170,Yaan,4,1.9252017736434937,13.329845428466797
6,171,Ziyang,4,-1.6284242868423462,7.189803600311279
6,172,Hanzhong,1,1.0509833097457886,13.511706352233887
6,173,Ankang,1,0.03685041517019272,9.308465003967285
6,174,Shangluo,1,-0.745918333530426,7.932820796966553
6,175,Baiyin,3,1.8556087017059326,11.40738296508789
6,176,Tianshui,3,1.5135002136230469,11.779608726501465
6,177,Pingliang,3,-0.8234320878982544,11.906153678894043
6,178,Qingyang,1,1.2752902507781982,10.54868221282959
6,179,Dingxi,3,1.5765509605407715,14.871689796447754
6,180,Linxiazhou,3,3.4653708934783936,17.2087345123291
6,181,Wuzhong,3,2.4856956005096436,15.021780014038086
6,182,Zhongwei,3,1.242929458618164,14.184591293334961
6,183,Guyuan,3,2.947057008743286,12.62997055053711
12,0,Beijing,6,-3.2472801208496094,19.513242721557617
12,1,Tianjin,5,1.1160502433776855,18.68914222717285
12,2,Shijiazhuang,6,1.8457518815994263,22.827228546142578
12,3,Tangshan,5,0.2899540066719055,19.982879638671875
12,4,Qinhuangdao,5,3.983736991882324,14.336126327514648
12,5,Handan,2,6.278317928314209,25.77338409423828
12,6,Baoding,6,0.36749592423439026,26.828657150268555
12,7,Zhangjiakou,6,1.366668939590454,13.810929298400879
12,8,Chengde,5,1.3491861820220947,11.557921409606934
12,9,Langfang,5,-1.332707166671753,18.847238540649414
12,10,Cangzhou,5,5.788532733917236,19.411579132080078
12,11,Hengshui,2,-2.3537437915802,22.855812072753906
12,12,Xingtai,2,-0.9988246560096741,23.50881576538086
12,13,Taiyuan,6,2.5244526863098145,23.488906860351562
12,14,Huhehaote,6,3.9946014881134033,17.436182022094727
12,15,Dalian,5,1.9775909185409546,12.444762229919434
12,16,Shanghai,0,-1.35382878780365,12.832942008972168
12,17,Nanjing,0,-5.630096435546875,13.288298606872559
12,18,Suzhou,0,-0.3175915777683258,12.341278076171875
12,19,Nantong,0,-1.6285947561264038,13.269391059875488
12,20,Lianyungang,5,1.7059590816497803,15.118021965026855
12,21,Xuzhou,2,6.628084182739258,17.643081665039062
12,22,Yangzhou,0,4.890793323516846,16.243358612060547
12,23,Wuxi,0,-5.391419410705566,13.268254280090332
12,24,Changzhou,0,0.3566300868988037,14.211587905883789
12,25,Zhenjiang,0,2.8385260105133057,16.620546340942383
12,26,Taizhou,0,0.7199814915657043,11.161822319030762
12,27,Huaian,0,1.7768597602844238,15.518834114074707
12,28,Yancheng,0,2.6450095176696777,13.952388763427734
12,29,Suqian,0,1.6213699579238892,16.745288848876953
12,30,Hangzhou,0,-0.2011318802833557,11.344571113586426
12,31,Ningbo,0,1.4065278768539429,13.07003116607666
12,32,Shaoxing,0,1.8678240776062012,14.751977920532227
12,33,Huzhou,0,-2.155099868774414,13.835722923278809
12,34,Jiaxing,0,-0.4876587986946106,12.787421226501465
12,35,Jinhua,0,-0.9614741802215576,12.835326194763184
12,36,Quzhou,0,2.955125570297241,11.849122047424316
12,37,Lishui,0,2.042048215866089,11.669107437133789
12,38,Hefei,0,-1.3781276941299438,14.035431861877441
12,39,Nanchang,7,1.2398064136505127,11.441508293151855
12,40,Jinan,5,-2.9197580814361572,19.64723014831543
12,41,Qingdao,5,-0.07133115828037262,12.819743156433105
12,42,Zhengzhou,2,-0.5335862040519714,19.740245819091797
12,43,Wuhan,7,-0.5619021058082581,14.182592391967773
12,44,Zhangsha,7,2.472862958908081,15.321077346801758
12,45,Zhongqing,4,-2.925082206726074,10.185800552368164
12,46,Chengdou,4,-2.366983413696289,14.358062744140625
12,47,Xian,1,5.401403903961182,18.269546508789062
12,48,Lanzhou,3,1.055565357208252,12.393898010253906
12,49,Yinchuan,3,1.2247034311294556,13.130223274230957
12,50,Baotou,6,3.2373805046081543,17.275178909301758
12,51,Eerduosi,6,1.8560322523117065,10.148340225219727
12,52,Huludao,5,4.87441349029541,16.701940536499023
12,53,Laiwu,5,-0.37580758333206177,20.075916290283203
12,54,Linyi,5,-0.5333462953567505,16.746700286865234
12,55,Liaocheng,2,-0.7109750509262085,21.174274444580078
12,56,Binzhou,5,1.3901433944702148,20.355287551879883
12,57,Zibo,5,-3.8601114749908447,17.442773818969727
12,58,Zaozhuang,2,-3.363878011703491,16.870141983032227
12,59,Yantai,5,-2.208613395690918,12.103853225708008
12,60,Weifang,5,-0.16970953345298767,18.502212524414062
12,61,Jining,2,-3.992563247680664,15.155644416809082
12,62,Taian,2,-1.2139322757720947,16.59803581237793
12,63,Rizhao,5,-1.990640640258789,16.271526336669922
12,64,Dongying,5,-2.3789541721343994,21.93507957458496
12,65,Heze,2,-0.392590194940567,20.272945404052734
12,66,Datong,6,2.9464097023010254,13.689464569091797
12,67,Zhangzhi,2,1.5180009603500366,19.676366806030273
12,68,Linfen,1,9.326460838317871,25.19236946105957
12,69,Yangquan,6,4.753242015838623,18.99431800842285
12,70,Jinzhou,5,1.4946966171264648,16.797740936279297
12,71,Wuhu,0,-1.0583654642105103,14.41633129119873
12,72,Maanshan,0,-2.262834072113037,12.846932411193848
12,73,Jiujiang,7,-0.5173634886741638,10.264885902404785
12,74,Luoyang,2,2.6476504802703857,17.716371536254883
12,75,Anyang,2,-1.018243670463562,22.41515350341797
12,76,Kaifeng,2,3.279587745666504,22.568052291870117
12,77,Jiaozuo,2,1.749786376953125,17.75881004333496
12,78,Pingdingshan,2,1.6204373836517334,16.510255813598633
12,79,Sanmenxia,1,0.7509799599647522,19.01776885986328
12,80,Yichang,7,2.2491135597229004,14.95866870880127
12,81,Jingzhou,7,0.7457596063613892,12.44055461883545
12,82,Yueyang,7,2.335662364959717,11.767997741699219
12,83,Changde,7,-0.005232166964560747,12.09699821472168
12,84,Zhangjiajie,7,-0.920369565486908,10.852326393127441
12,85,Mianyang,4,2.5541458129882812,12.001029968261719
12,86,Yibin,4,3.7144100666046143,14.195335388183594
12,87,Luzhou,4,-0.5964064002037048,12.074934959411621
12,88,Zigong,4,5.7041473388671875,16.683378219604492
12,89,Deyang,4,2.5878500938415527,14.354581832885742
12,90,Nanchong,4,-2.554171085357666,10.057893753051758
12,91,Xianyang,1,6.924812316894531,25.778030395507812
12,92,Tongchuan,1,1.9447975158691406,18.051713943481445
12,93,Yanan,1,0.57536381483078,17.544898986816406
12,94,Baoji,1,3.4441325664520264,16.039894104003906
12,95,Weinan,1,3.53478741645813,18.924882888793945
12,96,Shizuishan,3,2.379110097885132,17.938934326171875
12,97,Zhangqiu,5,3.0601119995117188,20.528959274291992
12,98,Jimo,5,-0.9899470806121826,14.924788475036621
12,99,Jiaonan,5,4.442902565002441,18.0206356048584
12,100,Jiaozhou,5,0.08887211233377457,14.438430786132812
12,101,Laixi,5,4.140686988830566,16.061443328857422
12,102,Pingdu,5,0.9303264021873474,19.75640296936035
12,103,Penglai,5,-0.11119785904884338,14.273059844970703
12,104,Zhaoyuan,5,2.863287925720215,16.35320472717285
12,105,Laizhou,5,-3.4871270656585693,14.692597389221191
12,106,Rushan,5,2.160818576812744,12.661880493164062
12,107,Wujiang,0,-3.9048173427581787,13.668855667114258
12,108,Taicang,0,0.6318309903144836,12.110798835754395
12,109,Jurong,0,5.95720100402832,17.141067504882812
12,110,Jiangyin,0,0.2858959436416626,14.667405128479004
12,111,Yixing,0,0.49370965361595154,11.924612998962402
12,112,Jintan,0,-1.2868493795394897,13.13430118560791
12,113,Liyang,0,-2.125131130218506,14.605557441711426
12,114,Linan,0,-0.47331690788269043,13.490323066711426
12,115,Fuyang,0,6.609986305236816,15.20357894897461
12,116,Yiwu,0,-1.4731783866882324,11.135970115661621
12,117,Xinyang,7,4.3950018882751465,14.148050308227539
12,118,Zhoukou,2,1.8813997507095337,18.347244262695312
12,119,Jincheng,2,5.460104465484619,23.78169822692871
12,120,Shuozhou,6,4.1657304763793945,19.55716323852539
12,121,Jinzhong,6,0.9704655408859253,19.828466415405273
12,122,Yuncheng,1,2.86165452003479,19.60309410095215
12,123,Xinzhou,6,5.545766353607178,20.48385238647461
12,124,Lu:liang,6,3.44920015335083,18.48691749572754
12,125,Wuhai,3,3.808704137802124,15.649319648742676
12,126,Bayannaoer,3,0.4948502779006958,15.802582740783691
12,127,Wulanchabu,6,-1.4784096479415894,11.979122161865234
12,128,Alashanmeng,3,1.886202335357666,12.364035606384277
12,129,Chaoyang,5,7.660031795501709,19.771963119506836
12,130,Bangbu,0,3.2948129177093506,15.429006576538086
12,131,Huainan,0,11.447937965393066,17.524494171142578
12,132,Huaibei,2,9.330050468444824,18.055776596069336
12,133,Tongling,0,5.185695648193359,13.43552017211914
12,134,Anqing,0,3.929999351501465,14.641242980957031
12,135,Huangshan,0,-2.1918416023254395,9.921381950378418
12,136,Chuzhou,0,-0.256567120552063,14.782113075256348
12,137,Liuan,0,-1.8257019519805908,13.072664260864258
12,138,Chizhou,0,11.10715389251709,15.874448776245117
12,139,Xuancheng,0,2.1434237957000732,13.978114128112793
12,140,Jingdezhen,0,-0.6034388542175293,10.874673843383789
12,141,Yingtan,0,0.9520518183708191,9.37609577178955
12,142,Shangrao,0,2.534775972366333,10.388955116271973
12,143,Hebi,2,-2.5549111366271973,16.220516204833984
12,144,Xinxiang,2,-6.794921398162842,17.54837989807129
12,145,Puyang,2,2.3591439723968506,21.112037658691406
12,146,Xuchang,2,-0.672964334487915,20.314529418945312
12,147,Luohe,2,-0.7238907217979431,18.701318740844727
12,148,Nanyang,7,2.721665143966675,15.483972549438477
12,149,Shangqiu,2,0.15117892622947693,17.698768615722656
12,150,Zhumadian,2,1.2782323360443115,15.490415573120117
12,151,Huangshi,7,-1.1244168281555176,12.705163955688477
12,152,Shiyan,1,0.40092411637306213,9.332934379577637
12,153,Xiangfan,7,6.792555809020996,19.210603713989258
12,154,Ezhou,7,1.3015283346176147,13.802186012268066
12,155,Jingmen,7,-1.3971011638641357,14.49862003326416
12,156,Xiaogan,7,0.33458206057548523,12.532504081726074
12,157,Huanggang,7,2.9486935138702393,14.980222702026367
12,158,Xianning,7,2.7490034103393555,11.740899085998535
12,159,Suizhou,7,0.41890639066696167,12.432828903198242
12,160,Enshizhou,7,1.2768933773040771,9.615376472473145
12,161,Yiyang,7,0.24662193655967712,11.284647941589355
12,162,Xiangxizhou,7,0.02380836009979248,10.273650169372559
12,163,Guangyuan,4,0.6376112699508667,8.899617195129395
12,164,Suining,4,-1.193540096282959,8.890344619750977
12,165,Neijiang,4,-0.49631068110466003,12.804937362670898
12,166,Leshan,4,3.726085662841797,14.292046546936035
12,167,Meishan,4,-4.601174354553223,12.829798698425293
12,168,Guangan,4,-3.0574817657470703,10.227801322937012
12,169,Dazhou,4,1.5152664184570312,12.655101776123047
12,170,Yaan,4,4.041079521179199,15.584698677062988
12,171,Ziyang,4,-2.309861421585083,8.889240264892578
12,172,Hanzhong,1,2.0601096153259277,14.455243110656738
12,173,Ankang,1,-0.09215646237134933,11.004830360412598
12,174,Shangluo,1,-1.159189224243164,10.240302085876465
12,175,Baiyin,3,2.199537992477417,12.956576347351074
12,176,Tianshui,3,2.6585190296173096,12.188450813293457
12,177,Pingliang,3,-2.1054584980010986,12.816437721252441
12,178,Qingyang,1,2.4026830196380615,11.586505889892578
12,179,Dingxi,3,1.893412709236145,13.539375305175781
12,180,Linxiazhou,3,4.045071125030518,17.319807052612305
12,181,Wuzhong,3,3.548532247543335,16.740537643432617
12,182,Zhongwei,3,1.702587604522705,15.26864242553711
12,183,Guyuan,3,3.312185764312744,13.856082916259766
24,0,Beijing,6,-5.250042915344238,21.87897491455078
24,1,Tianjin,5,2.2688536643981934,20.117706298828125
24,2,Shijiazhuang,6,4.5768232345581055,24.90534019470215
24,3,Tangshan,5,-1.2883055210113525,21.561376571655273
24,4,Qinhuangdao,5,5.676003456115723,15.445011138916016
24,5,Handan,2,7.779281139373779,27.8585262298584
24,6,Baoding,6,-0.48198625445365906,28.35952377319336
24,7,Zhangjiakou,6,1.3391523361206055,13.08164119720459
24,8,Chengde,5,2.206986665725708,12.476485252380371
24,9,Langfang,5,-1.9513293504714966,20.742450714111328
24,10,Cangzhou,5,6.933902263641357,21.33126449584961
24,11,Hengshui,2,-2.2050280570983887,24.56507682800293
24,12,Xingtai,2,0.44675183296203613,24.702646255493164
24,13,Taiyuan,6,5.185547828674316,24.370206832885742
24,14,Huhehaote,6,5.274914264678955,17.98192596435547
24,15,Dalian,5,1.9793187379837036,13.868380546569824
24,16,Shanghai,0,-2.816174268722534,14.019197463989258
24,17,Nanjing,0,-5.696998596191406,14.392515182495117
24,18,Suzhou,0,-1.266831398010254,12.942960739135742
24,19,Nantong,0,-2.418484687805176,13.70631217956543
24,20,Lianyungang,5,2.1240997314453125,15.529438972473145
24,21,Xuzhou,2,9.189520835876465,19.118330001831055
24,22,Yangzhou,0,6.142453670501709,17.056976318359375
24,23,Wuxi,0,-7.9797539710998535,15.1002197265625
24,24,Changzhou,0,-0.5351031422615051,14.701132774353027
24,25,Zhenjiang,0,3.535162925720215,16.90758514404297
24,26,Taizhou,0,-0.5982093214988708,12.10618782043457
24,27,Huaian,0,1.5199482440948486,16.53066635131836
24,28,Yancheng,0,4.118396759033203,15.066115379333496
24,29,Suqian,0,2.3016600608825684,17.368932723999023
24,30,Hangzhou,0,-2.4543683528900146,12.912738800048828
24,31,Ningbo,0,0.8515281677246094,13.731098175048828
24,32,Shaoxing,0,-0.6050829887390137,15.71308422088623
24,33,Huzhou,0,-4.749659538269043,15.431807518005371
24,34,Jiaxing,0,-3.0508220195770264,14.036151885986328
24,35,Jinhua,0,-3.2807564735412598,13.883526802062988
24,36,Quzhou,0,2.112025737762451,12.883794784545898
24,37,Lishui,0,1.7134419679641724,12.27793025970459
24,38,Hefei,0,0.03458390012383461,15.559749603271484
24,39,Nanchang,7,1.741783618927002,13.134875297546387
24,40,Jinan,5,-4.58245325088501,21.78219223022461
24,41,Qingdao,5,0.3101999759674072,13.720224380493164
24,42,Zhengzhou,2,-0.8193645477294922,22.120010375976562
24,43,Wuhan,7,-2.482396364212036,16.20200538635254
24,44,Zhangsha,7,1.533497929573059,17.011037826538086
24,45,Zhongqing,4,-2.8338661193847656,11.152543067932129
24,46,Chengdou,4,-2.8792965412139893,15.710116386413574
24,47,Xian,1,7.457642555236816,19.895933151245117
24,48,Lanzhou,3,2.2092933654785156,12.700671195983887
24,49,Yinchuan,3,1.054518222808838,14.296536445617676
24,50,Baotou,6,4.280494213104248,17.926895141601562
24,51,Eerduosi,6,3.0420784950256348,10.949735641479492
24,52,Huludao,5,5.523436069488525,17.716445922851562
24,53,Laiwu,5,-2.3262033462524414,21.912302017211914
24,54,Linyi,5,-1.3244096040725708,18.35968589782715
24,55,Liaocheng,2,-3.264477491378784,23.331735610961914
24,56,Binzhou,5,1.5051658153533936,21.516265869140625
24,57,Zibo,5,-4.941488265991211,18.950071334838867
24,58,Zaozhuang,2,-4.801218032836914,18.703655242919922
24,59,Yantai,5,-2.2273850440979004,13.07229232788086
24,60,Weifang,5,-0.7161920666694641,19.348772048950195
24,61,Jining,2,-4.885724067687988,17.008825302124023
24,62,Taian,2,-0.8430665731430054,17.96695899963379
24,63,Rizhao,5,-3.4420359134674072,17.292329788208008
24,64,Dongying,5,-3.40229868888855,22.998456954956055
24,65,Heze,2,-1.4158060550689697,21.83415985107422
24,66,Datong,6,3.2113943099975586,14.49554443359375
24,67,Zhangzhi,2,1.9086925983428955,20.13035011291504
24,68,Linfen,1,11.342682838439941,26.503070831298828
24,69,Yangquan,6,8.182116508483887,20.182649612426758
24,70,Jinzhou,5,1.963611364364624,17.566532135009766
24,71,Wuhu,0,-0.7718128561973572,16.47368812561035
24,72,Maanshan,0,-1.1603566408157349,14.276956558227539
24,73,Jiujiang,7,-0.11459383368492126,11.861098289489746
24,74,Luoyang,2,3.812098264694214,20.334087371826172
24,75,Anyang,2,0.7942716479301453,24.69013786315918
24,76,Kaifeng,2,4.824004650115967,24.030982971191406
24,77,Jiaozuo,2,2.6133694648742676,20.128015518188477
24,78,Pingdingshan,2,2.350903272628784,18.28022575378418
24,79,Sanmenxia,1,0.11331436783075333,21.024484634399414
24,80,Yichang,7,1.736915946006775,16.461200714111328
24,81,Jingzhou,7,-0.5560042858123779,14.430244445800781
24,82,Yueyang,7,2.6427555084228516,14.008111000061035
24,83,Changde,7,0.08610869199037552,13.894268989562988
24,84,Zhangjiajie,7,-2.32745623588562,12.073426246643066
24,85,Mianyang,4,4.132612705230713,12.721652030944824
24,86,Yibin,4,3.334665536880493,15.070369720458984
24,87,Luzhou,4,-1.082153081893921,12.455733299255371
24,88,Zigong,4,5.339791774749756,17.520967483520508
24,89,Deyang,4,2.474087953567505,15.121413230895996
24,90,Nanchong,4,-3.391944408416748,10.95617961883545
24,91,Xianyang,1,8.114580154418945,26.89199447631836
24,92,Tongchuan,1,2.6851606369018555,17.03179168701172
24,93,Yanan,1,1.5321085453033447,16.755117416381836
24,94,Baoji,1,5.079957962036133,16.62419319152832
24,95,Weinan,1,4.952639102935791,20.973068237304688
24,96,Shizuishan,3,2.8724558353424072,18.634061813354492
24,97,Zhangqiu,5,4.058124542236328,22.139423370361328
24,98,Jimo,5,-0.7898755669593811,15.276713371276855
24,99,Jiaonan,5,4.2573466300964355,18.89223861694336
24,100,Jiaozhou,5,-0.12474609166383743,15.003787994384766
24,101,Laixi,5,4.137273788452148,17.020082473754883
24,102,Pingdu,5,-0.0678890123963356,20.025697708129883
24,103,Penglai,5,0.4867236614227295,14.78203296661377
24,104,Zhaoyuan,5,2.557446002960205,17.119157791137695
24,105,Laizhou,5,-3.9351749420166016,15.335861206054688
24,106,Rushan,5,1.9287364482879639,13.9769868850708
24,107,Wujiang,0,-5.664539337158203,14.998676300048828
24,108,Taicang,0,0.5512673258781433,12.754369735717773
24,109,Jurong,0,7.16518497467041,18.49835777282715
24,110,Jiangyin,0,-0.9339896440505981,15.406487464904785
24,111,Yixing,0,0.45450204610824585,12.985132217407227
24,112,Jintan,0,-1.685359001159668,14.25695514678955
24,113,Liyang,0,-3.313305139541626,15.871448516845703
24,114,Linan,0,-2.4209394454956055,14.698607444763184
24,115,Fuyang,0,8.965855598449707,16.665666580200195
24,116,Yiwu,0,-3.1515769958496094,12.141547203063965
24,117,Xinyang,7,2.677608013153076,15.627619743347168
24,118,Zhoukou,2,2.316882610321045,18.943923950195312
24,119,Jincheng,2,8.439814567565918,25.349374771118164
24,120,Shuozhou,6,2.6588900089263916,19.742921829223633
24,121,Jinzhong,6,3.1930434703826904,20.617483139038086
24,122,Yuncheng,1,3.951580047607422,21.29231834411621
24,123,Xinzhou,6,7.68133020401001,22.639711380004883
24,124,Lu:liang,6,6.021140098571777,19.520776748657227
24,125,Wuhai,3,2.3925397396087646,16.226871490478516
24,126,Bayannaoer,3,0.5079900026321411,16.5751895904541
24,127,Wulanchabu,6,-4.193121433258057,13.358543395996094
24,128,Alashanmeng,3,2.2871592044830322,12.921462059020996
24,129,Chaoyang,5,9.691008567810059,20.965410232543945
24,130,Bangbu,0,4.388223648071289,16.461740493774414
24,131,Huainan,0,14.199369430541992,19.934720993041992
24,132,Huaibei,2,13.597691535949707,20.784786224365234
24,133,Tongling,0,5.9559197425842285,14.611154556274414
24,134,Anqing,0,5.405407428741455,16.286142349243164
24,135,Huangshan,0,-3.5690903663635254,10.698907852172852
24,136,Chuzhou,0,0.05122397094964981,16.011396408081055
24,137,Liuan,0,-0.37782397866249084,13.983373641967773
24,138,Chizhou,0,15.192788124084473,18.76471519470215
24,139,Xuancheng,0,2.824209451675415,14.748418807983398
24,140,Jingdezhen,0,-1.8996564149856567,11.637089729309082
24,141,Yingtan,0,0.8067821264266968,10.426894187927246
24,142,Shangrao,0,2.7338569164276123,11.232715606689453
24,143,Hebi,2,-0.775188684463501,17.625682830810547
24,144,Xinxiang,2,-7.688451290130615,19.578887939453125
24,145,Puyang,2,2.6217901706695557,23.226472854614258
24,146,Xuchang,2,0.4518050253391266,21.502071380615234
24,147,Luohe,2,-0.14913107454776764,20.253259658813477
24,148,Nanyang,7,3.0764899253845215,17.811111450195312
24,149,Shangqiu,2,0.35671266913414,18.47812843322754
24,150,Zhumadian,2,0.2384261190891266,17.021085739135742
24,151,Huangshi,7,-1.790269374847412,13.938926696777344
24,152,Shiyan,1,-1.2290488481521606,10.45268440246582
24,153,Xiangfan,7,6.2608642578125,20.958398818969727
24,154,Ezhou,7,0.9637672305107117,14.938774108886719
24,155,Jingmen,7,-1.7845267057418823,16.127779006958008
24,156,Xiaogan,7,0.010729916393756866,14.276463508605957
24,157,Huanggang,7,3.076699733734131,16.096874237060547
24,158,Xianning,7,2.2016942501068115,13.238301277160645
24,159,Suizhou,7,-0.3377588391304016,13.782240867614746
24,160,Enshizhou,7,0.8626619577407837,10.499251365661621
24,161,Yiyang,7,1.2670608758926392,12.285482406616211
24,162,Xiangxizhou,7,-0.3872787356376648,10.998346328735352
24,163,Guangyuan,4,1.282110571861267,9.384685516357422
24,164,Suining,4,-1.8841158151626587,9.856366157531738
24,165,Neijiang,4,-2.0340464115142822,13.609111785888672
24,166,Leshan,4,5.203715801239014,15.310592651367188
24,167,Meishan,4,-6.215921878814697,14.937790870666504
24,168,Guangan,4,-5.032803535461426,11.303522109985352
24,169,Dazhou,4,0.17850959300994873,12.53810977935791
24,170,Yaan,4,5.99725866317749,15.822538375854492
24,171,Ziyang,4,-3.4341957569122314,10.09043025970459
24,172,Hanzhong,1,3.099043130874634,15.0531005859375
24,173,Ankang,1,-1.1760892868041992,11.182893753051758
24,174,Shangluo,1,-0.8414115309715271,11.261472702026367
24,175,Baiyin,3,2.8012006282806396,13.767454147338867
24,176,Tianshui,3,2.6279120445251465,12.243892669677734
24,177,Pingliang,3,-3.904341459274292,14.063384056091309
24,178,Qingyang,1,4.241499423980713,12.826284408569336
24,179,Dingxi,3,3.013577461242676,13.56064510345459
24,180,Linxiazhou,3,5.2159953117370605,16.886062622070312
24,181,Wuzhong,3,3.199601650238037,17.440282821655273
24,182,Zhongwei,3,1.3016507625579834,16.637859344482422
24,183,Guyuan,3,3.197345018386841,13.199827194213867
36,0,Beijing,6,-6.334855079650879,23.404354095458984
36,1,Tianjin,5,1.8029733896255493,20.761856079101562
36,2,Shijiazhuang,6,5.626127243041992,26.366104125976562
36,3,Tangshan,5,-1.6188143491744995,22.04505157470703
36,4,Qinhuangdao,5,5.866296291351318,15.707984924316406
36,5,Handan,2,8.070388793945312,29.417051315307617
36,6,Baoding,6,-0.4751907289028168,29.238264083862305
36,7,Zhangjiakou,6,1.1996383666992188,13.796455383300781
36,8,Chengde,5,2.283612012863159,12.535552024841309
36,9,Langfang,5,-2.27707839012146,21.724700927734375
36,10,Cangzhou,5,7.304483890533447,21.699846267700195
36,11,Hengshui,2,-2.1198251247406006,25.716754913330078
36,12,Xingtai,2,1.1177310943603516,26.197124481201172
36,13,Taiyuan,6,6.243925094604492,25.121986389160156
36,14,Huhehaote,6,5.9781999588012695,18.611574172973633
36,15,Dalian,5,1.0272703170776367,14.271703720092773
36,16,Shanghai,0,-3.897629976272583,14.907258033752441
36,17,Nanjing,0,-6.114223957061768,15.02571964263916
36,18,Suzhou,0,-1.4044039249420166,13.452478408813477
36,19,Nantong,0,-3.3546135425567627,14.304328918457031
36,20,Lianyungang,5,2.362250566482544,16.025882720947266
36,21,Xuzhou,2,10.680225372314453,20.149232864379883
36,22,Yangzhou,0,6.076231002807617,17.31338119506836
36,23,Wuxi,0,-8.741294860839844,15.9079008102417
36,24,Changzhou,0,-1.4026753902435303,15.217997550964355
36,25,Zhenjiang,0,3.3705849647521973,17.36383056640625
36,26,Taizhou,0,-1.5532715320587158,12.736045837402344
36,27,Huaian,0,1.3856027126312256,17.079517364501953
36,28,Yancheng,0,4.458517551422119,15.53724479675293
36,29,Suqian,0,3.2480618953704834,18.050945281982422
36,30,Hangzhou,0,-4.00063943862915,13.519874572753906
36,31,Ningbo,0,0.4014361500740051,13.981048583984375
36,32,Shaoxing,0,-1.6605206727981567,16.473941802978516
36,33,Huzhou,0,-5.5214409828186035,16.14031219482422
36,34,Jiaxing,0,-4.298083305358887,14.801548957824707
36,35,Jinhua,0,-5.158079147338867,15.18465518951416
36,36,Quzhou,0,1.487581729888916,13.8726167678833
36,37,Lishui,0,1.4516446590423584,13.031067848205566
36,38,Hefei,0,0.5093666315078735,15.865060806274414
36,39,Nanchang,7,1.8906803131103516,13.986064910888672
36,40,Jinan,5,-5.8428239822387695,22.9483642578125
36,41,Qingdao,5,-0.3348841369152069,13.939228057861328
36,42,Zhengzhou,2,-1.4134268760681152,23.11285400390625
36,43,Wuhan,7,-3.9584619998931885,17.564388275146484
36,44,Zhangsha,7,1.333046555519104,18.023435592651367
36,45,Zhongqing,4,-3.2696287631988525,12.649662017822266
36,46,Chengdou,4,-3.399137258529663,16.276586532592773
36,47,Xian,1,7.785439491271973,20.841238021850586
36,48,Lanzhou,3,2.912957191467285,13.474333763122559
36,49,Yinchuan,3,0.8836237192153931,14.889812469482422
36,50,Baotou,6,4.767091274261475,18.220722198486328
36,51,Eerduosi,6,3.776820659637451,11.428597450256348
36,52,Huludao,5,5.674441814422607,18.35721206665039
36,53,Laiwu,5,-3.3205578327178955,22.991609573364258
36,54,Linyi,5,-2.0038352012634277,19.415895462036133
36,55,Liaocheng,2,-3.9390933513641357,24.23970603942871
36,56,Binzhou,5,1.1227024793624878,22.505163192749023
36,57,Zibo,5,-5.6747355461120605,20.0372371673584
36,58,Zaozhuang,2,-6.049946308135986,19.97114372253418
36,59,Yantai,5,-2.74336576461792,13.534538269042969
36,60,Weifang,5,-1.555457592010498,20.151451110839844
36,61,Jining,2,-5.267184257507324,18.094266891479492
36,62,Taian,2,-0.8261266946792603,18.896453857421875
36,63,Rizhao,5,-3.1293559074401855,17.951915740966797
36,64,Dongying,5,-4.258529186248779,23.865314483642578
36,65,Heze,2,-1.4967527389526367,22.912418365478516
36,66,Datong,6,3.6706647872924805,15.190282821655273
36,67,Zhangzhi,2,2.374648332595825,21.12008285522461
36,68,Linfen,1,13.235612869262695,28.382461547851562
36,69,Yangquan,6,9.465132713317871,20.91803741455078
36,70,Jinzhou,5,2.0707321166992188,18.13633918762207
36,71,Wuhu,0,-0.548012375831604,17.099193572998047
36,72,Maanshan,0,-0.6098695397377014,14.513187408447266
36,73,Jiujiang,7,0.47324541211128235,12.867124557495117
36,74,Luoyang,2,4.768826961517334,21.93865966796875
36,75,Anyang,2,1.8781992197036743,25.444339752197266
36,76,Kaifeng,2,6.106330394744873,24.645212173461914
36,77,Jiaozuo,2,2.9126322269439697,21.77910804748535
36,78,Pingdingshan,2,1.990623116493225,18.878690719604492
36,79,Sanmenxia,1,0.09142833203077316,22.004043579101562
36,80,Yichang,7,0.5014806985855103,17.76630210876465
36,81,Jingzhou,7,-1.645289421081543,15.524250030517578
36,82,Yueyang,7,2.1224570274353027,15.211357116699219
36,83,Changde,7,-0.30402055382728577,14.790298461914062
36,84,Zhangjiajie,7,-2.487489700317383,12.95697021484375
36,85,Mianyang,4,4.41154146194458,13.7898588180542
36,86,Yibin,4,3.372866153717041,15.90912914276123
36,87,Luzhou,4,-1.7091858386993408,13.710905075073242
36,88,Zigong,4,3.8685319423675537,18.67362403869629
36,89,Deyang,4,1.9838594198226929,15.605939865112305
36,90,Nanchong,4,-4.831936359405518,12.290064811706543
36,91,Xianyang,1,8.65111255645752,28.095245361328125
36,92,Tongchuan,1,1.89927077293396,18.870532989501953
36,93,Yanan,1,2.349534034729004,17.926626205444336
36,94,Baoji,1,5.087933540344238,18.370229721069336
36,95,Weinan,1,4.968006610870361,21.48148536682129
36,96,Shizuishan,3,3.7015199661254883,19.20709991455078
36,97,Zhangqiu,5,4.030228614807129,23.080856323242188
36,98,Jimo,5,-1.6336206197738647,15.659529685974121
36,99,Jiaonan,5,4.388087749481201,19.39998435974121
36,100,Jiaozhou,5,-1.1866590976715088,15.497597694396973
36,101,Laixi,5,3.214571714401245,17.353271484375
36,102,Pingdu,5,-1.0838642120361328,20.810758590698242
36,103,Penglai,5,0.18770770728588104,15.014840126037598
36,104,Zhaoyuan,5,1.811307430267334,17.582704544067383
36,105,Laizhou,5,-4.971310138702393,16.14344596862793
36,106,Rushan,5,2.01981782913208,14.359663009643555
36,107,Wujiang,0,-6.669796943664551,15.761894226074219
36,108,Taicang,0,0.6874420046806335,13.2499361038208
36,109,Jurong,0,7.432945728302002,19.096473693847656
36,110,Jiangyin,0,-2.170621871948242,16.14208221435547
36,111,Yixing,0,0.21660377085208893,13.582551956176758
36,112,Jintan,0,-2.5479044914245605,14.983684539794922
36,113,Liyang,0,-3.715925931930542,16.334896087646484
36,114,Linan,0,-3.3241219520568848,15.304268836975098
36,115,Fuyang,0,9.981825828552246,17.592132568359375
36,116,Yiwu,0,-3.466665744781494,12.673375129699707
36,117,Xinyang,7,1.512832522392273,16.64217758178711
36,118,Zhoukou,2,1.7451533079147339,19.94552230834961
36,119,Jincheng,2,10.891827583312988,27.196874618530273
36,120,Shuozhou,6,2.5393214225769043,20.86650848388672
36,121,Jinzhong,6,4.092405796051025,20.914432525634766
36,122,Yuncheng,1,4.847902774810791,22.788162231445312
36,123,Xinzhou,6,9.654424667358398,24.334861755371094
36,124,Lu:liang,6,8.010658264160156,20.545455932617188
36,125,Wuhai,3,1.797241449356079,16.575674057006836
36,126,Bayannaoer,3,0.19773539900779724,17.14837074279785
36,127,Wulanchabu,6,-5.129973411560059,13.9323148727417
36,128,Alashanmeng,3,3.1052215099334717,13.279269218444824
36,129,Chaoyang,5,10.430964469909668,21.47642707824707
36,130,Bangbu,0,4.50728178024292,17.04751968383789
36,131,Huainan,0,15.481732368469238,21.07030487060547
36,132,Huaibei,2,14.87222671508789,21.74898910522461
36,133,Tongling,0,6.743177890777588,15.325136184692383
36,134,Anqing,0,6.072319984436035,17.139358520507812
36,135,Huangshan,0,-3.8631324768066406,11.665947914123535
36,136,Chuzhou,0,-0.07980961352586746,16.427589416503906
36,137,Liuan,0,0.601720929145813,14.579583168029785
36,138,Chizhou,0,17.440340042114258,20.508983612060547
36,139,Xuancheng,0,3.3830926418304443,14.962693214416504
36,140,Jingdezhen,0,-2.0248939990997314,12.364948272705078
36,141,Yingtan,0,0.6972149014472961,11.32535457611084
36,142,Shangrao,0,2.1586809158325195,11.957417488098145
36,143,Hebi,2,-0.19176502525806427,18.652912139892578
36,144,Xinxiang,2,-7.184676647186279,20.541433334350586
36,145,Puyang,2,2.8901314735412598,24.028146743774414
36,146,Xuchang,2,0.7797131538391113,22.03389549255371
36,147,Luohe,2,-0.321469247341156,21.587181091308594
36,148,Nanyang,7,2.7638115882873535,18.491132736206055
36,149,Shangqiu,2,-0.19764818251132965,19.175434112548828
36,150,Zhumadian,2,-0.2168969064950943,18.108644485473633
36,151,Huangshi,7,-2.641336679458618,15.052279472351074
36,152,Shiyan,1,-2.378195285797119,11.39185619354248
36,153,Xiangfan,7,5.447488784790039,21.925277709960938
36,154,Ezhou,7,0.44850584864616394,15.742817878723145
36,155,Jingmen,7,-2.688589572906494,17.14515495300293
36,156,Xiaogan,7,-0.23069845139980316,15.154308319091797
36,157,Huanggang,7,2.703807830810547,16.91771125793457
36,158,Xianning,7,1.4358787536621094,14.061347961425781
36,159,Suizhou,7,-1.2171509265899658,14.907547950744629
36,160,Enshizhou,7,0.24624019861221313,11.64419174194336
36,161,Yiyang,7,1.990293025970459,13.311275482177734
36,162,Xiangxizhou,7,-1.0416337251663208,12.125412940979004
36,163,Guangyuan,4,1.751997947692871,9.99940299987793
36,164,Suining,4,-2.781093120574951,11.062418937683105
36,165,Neijiang,4,-2.8198695182800293,14.833208084106445
36,166,Leshan,4,5.740226745605469,15.970385551452637
36,167,Meishan,4,-6.976706504821777,15.935916900634766
36,168,Guangan,4,-6.397039890289307,12.928112983703613
36,169,Dazhou,4,-1.1226422786712646,13.803037643432617
36,170,Yaan,4,6.554652690887451,16.56964683532715
36,171,Ziyang,4,-4.167531967163086,11.386356353759766
36,172,Hanzhong,1,2.354954957962036,16.52570343017578
36,173,Ankang,1,-1.9858427047729492,12.780817985534668
36,174,Shangluo,1,-0.25721845030784607,12.159510612487793
36,175,Baiyin,3,3.056962728500366,14.673131942749023
36,176,Tianshui,3,2.2755260467529297,12.947967529296875
36,177,Pingliang,3,-4.968447685241699,15.361211776733398
36,178,Qingyang,1,5.223867416381836,14.060318946838379
36,179,Dingxi,3,3.9149844646453857,15.026239395141602
36,180,Linxiazhou,3,6.020130634307861,18.40428352355957
36,181,Wuzhong,3,2.8093678951263428,18.24618148803711
36,182,Zhongwei,3,1.4513379335403442,17.233850479125977
36,183,Guyuan,3,3.3485829830169678,13.973875999450684
48,0,Beijing,6,-7.079269886016846,23.858505249023438
48,1,Tianjin,5,1.45320725440979,21.35822868347168
48,2,Shijiazhuang,6,6.1813154220581055,26.608980178833008
48,3,Tangshan,5,-0.9305456280708313,22.530284881591797
48,4,Qinhuangdao,5,5.962084770202637,15.804117202758789
48,5,Handan,2,8.06817626953125,29.84954833984375
48,6,Baoding,6,0.4553542733192444,29.912673950195312
48,7,Zhangjiakou,6,0.9362294673919678,13.735568046569824
48,8,Chengde,5,1.8350845575332642,12.69385051727295
48,9,Langfang,5,-2.228731632232666,22.13811492919922
48,10,Cangzhou,5,8.164592742919922,22.337045669555664
48,11,Hengshui,2,-1.7254387140274048,26.198999404907227
48,12,Xingtai,2,1.3562867641448975,26.112598419189453
48,13,Taiyuan,6,7.093103885650635,25.047285079956055
48,14,Huhehaote,6,6.54936408996582,18.252334594726562
48,15,Dalian,5,0.06243070587515831,14.466065406799316
48,16,Shanghai,0,-4.666951656341553,15.3941068649292
48,17,Nanjing,0,-6.565154075622559,15.674419403076172
48,18,Suzhou,0,-1.2082409858703613,13.603119850158691
48,19,Nantong,0,-4.052720069885254,14.461071014404297
48,20,Lianyungang,5,2.313887357711792,16.121089935302734
48,21,Xuzhou,2,11.357157707214355,20.472251892089844
48,22,Yangzhou,0,5.918011665344238,17.408374786376953
48,23,Wuxi,0,-8.842790603637695,16.174365997314453
48,24,Changzhou,0,-1.781421422958374,15.472355842590332
48,25,Zhenjiang,0,3.4738001823425293,17.619043350219727
48,26,Taizhou,0,-2.179433584213257,13.01624584197998
48,27,Huaian,0,1.4715553522109985,17.3614559173584
48,28,Yancheng,0,4.722550392150879,15.571948051452637
48,29,Suqian,0,4.080967903137207,18.414663314819336
48,30,Hangzhou,0,-4.848457336425781,13.8436279296875
48,31,Ningbo,0,-0.20622095465660095,14.084861755371094
48,32,Shaoxing,0,-2.3036935329437256,16.58891487121582
48,33,Huzhou,0,-5.747815132141113,16.432138442993164
48,34,Jiaxing,0,-4.756078720092773,15.22316837310791
48,35,Jinhua,0,-6.257978916168213,15.445539474487305
48,36,Quzhou,0,1.0854443311691284,14.022343635559082
48,37,Lishui,0,1.271307110786438,12.929866790771484
48,38,Hefei,0,0.7411107420921326,16.19845962524414
48,39,Nanchang,7,1.736447811126709,14.205611228942871
48,40,Jinan,5,-6.486571788787842,23.48768424987793
48,41,Qingdao,5,-1.1796586513519287,13.925846099853516
48,42,Zhengzhou,2,-2.1015491485595703,23.73084259033203
48,43,Wuhan,7,-4.927249431610107,18.302404403686523
48,44,Zhangsha,7,1.0144805908203125,18.365909576416016
48,45,Zhongqing,4,-3.864987373352051,12.979230880737305
48,46,Chengdou,4,-3.723939895629883,16.481199264526367
48,47,Xian,1,8.21506118774414,20.825761795043945
48,48,Lanzhou,3,2.832996368408203,13.433589935302734
48,49,Yinchuan,3,0.6859791874885559,15.065720558166504
48,50,Baotou,6,4.9588775634765625,18.189279556274414
48,51,Eerduosi,6,4.079404830932617,11.465228080749512
48,52,Huludao,5,5.619534492492676,18.591413497924805
48,53,Laiwu,5,-3.873011589050293,23.274267196655273
48,54,Linyi,5,-2.7159764766693115,19.99420738220215
48,55,Liaocheng,2,-4.161846160888672,24.495119094848633
48,56,Binzhou,5,0.8838554620742798,22.872222900390625
48,57,Zibo,5,-6.221481800079346,20.24106788635254
48,58,Zaozhuang,2,-6.8485541343688965,20.46306037902832
48,59,Yantai,5,-3.2204885482788086,13.913277626037598
48,60,Weifang,5,-2.248155355453491,20.598878860473633
48,61,Jining,2,-5.334857940673828,18.177370071411133
48,62,Taian,2,-1.005920171737671,18.955890655517578
48,63,Rizhao,5,-3.0709924697875977,18.089845657348633
48,64,Dongying,5,-4.9130659103393555,24.22966766357422
48,65,Heze,2,-1.7923486232757568,23.042570114135742
48,66,Datong,6,3.5098023414611816,15.190135955810547
48,67,Zhangzhi,2,2.848146438598633,21.065095901489258
48,68,Linfen,1,15.673524856567383,28.622465133666992
48,69,Yangquan,6,9.9374418258667,20.966007232666016
48,70,Jinzhou,5,2.1643686294555664,18.495296478271484
48,71,Wuhu,0,-0.38273659348487854,17.37563133239746
48,72,Maanshan,0,-0.546035647392273,14.837255477905273
48,73,Jiujiang,7,0.7377134561538696,13.078803062438965
48,74,Luoyang,2,5.391865253448486,21.99814224243164
48,75,Anyang,2,1.6457289457321167,25.991836547851562
48,76,Kaifeng,2,6.961358070373535,24.67536163330078
48,77,Jiaozuo,2,3.062915086746216,22.17413330078125
48,78,Pingdingshan,2,1.7574366331100464,19.053804397583008
48,79,Sanmenxia,1,0.46471381187438965,21.97826385498047
48,80,Yichang,7,-0.09902509301900864,17.735544204711914
48,81,Jingzhou,7,-2.3251349925994873,16.132091522216797
48,82,Yueyang,7,1.6988807916641235,15.622940063476562
48,83,Changde,7,-0.4848451018333435,15.114557266235352
48,84,Zhangjiajie,7,-2.3883821964263916,13.035271644592285
48,85,Mianyang,4,4.496527194976807,13.764410018920898
48,86,Yibin,4,3.356287717819214,15.724953651428223
48,87,Luzhou,4,-2.2876274585723877,13.906516075134277
48,88,Zigong,4,2.8754525184631348,18.755632400512695
48,89,Deyang,4,1.578885555267334,15.601369857788086
48,90,Nanchong,4,-5.975920677185059,12.755691528320312
48,91,Xianyang,1,9.415088653564453,27.388538360595703
48,92,Tongchuan,1,1.5709574222564697,18.296001434326172
48,93,Yanan,1,2.6217546463012695,17.717548370361328
48,94,Baoji,1,4.854769229888916,18.177907943725586
48,95,Weinan,1,4.814974308013916,21.456565856933594
48,96,Shizuishan,3,4.751704216003418,19.22737693786621
48,97,Zhangqiu,5,3.837892770767212,23.229665756225586
48,98,Jimo,5,-2.5690412521362305,15.83796501159668
48,99,Jiaonan,5,4.438573837280273,19.329938888549805
48,100,Jiaozhou,5,-2.1882479190826416,15.790891647338867
48,101,Laixi,5,2.4813156127929688,17.353973388671875
48,102,Pingdu,5,-1.6091837882995605,20.872404098510742
48,103,Penglai,5,-0.1187230795621872,15.160130500793457
48,104,Zhaoyuan,5,1.3291985988616943,17.58626365661621
48,105,Laizhou,5,-5.792601108551025,16.538854598999023
48,106,Rushan,5,1.9321054220199585,14.396443367004395
48,107,Wujiang,0,-7.388152122497559,16.264768600463867
48,108,Taicang,0,0.8228909373283386,13.321483612060547
48,109,Jurong,0,7.598660945892334,19.620439529418945
48,110,Jiangyin,0,-2.5739545822143555,16.37265396118164
48,111,Yixing,0,0.32942697405815125,13.962246894836426
48,112,Jintan,0,-3.1159486770629883,15.56126880645752
48,113,Liyang,0,-3.577929973602295,16.681018829345703
48,114,Linan,0,-3.7319865226745605,15.46814250946045
48,115,Fuyang,0,10.070818901062012,17.78060531616211
48,116,Yiwu,0,-3.690946102142334,12.590877532958984
48,117,Xinyang,7,0.871707022190094,17.26597023010254
48,118,Zhoukou,2,1.0822492837905884,19.975709915161133
48,119,Jincheng,2,12.700185775756836,27.26336669921875
48,120,Shuozhou,6,2.631380319595337,20.826684951782227
48,121,Jinzhong,6,4.5212721824646,20.893049240112305
48,122,Yuncheng,1,6.029903411865234,22.499982833862305
48,123,Xinzhou,6,11.076151847839355,24.44077491760254
48,124,Lu:liang,6,9.14161491394043,20.761804580688477
48,125,Wuhai,3,1.5291080474853516,16.80547332763672
48,126,Bayannaoer,3,-0.09811459481716156,17.3328857421875
48,127,Wulanchabu,6,-5.28908634185791,14.037369728088379
48,128,Alashanmeng,3,3.71883487701416,13.154438972473145
48,129,Chaoyang,5,10.613272666931152,21.85802459716797
48,130,Bangbu,0,4.7618303298950195,17.221233367919922
48,131,Huainan,0,16.15900993347168,21.497095108032227
48,132,Huaibei,2,15.618683815002441,21.93701171875
48,133,Tongling,0,7.569296836853027,15.483210563659668
48,134,Anqing,0,6.518515110015869,17.272541046142578
48,135,Huangshan,0,-3.832408905029297,11.714527130126953
48,136,Chuzhou,0,-0.02497456781566143,16.729549407958984
48,137,Liuan,0,0.7967293858528137,14.828432083129883
48,138,Chizhou,0,18.696561813354492,21.271800994873047
48,139,Xuancheng,0,3.814645290374756,15.194259643554688
48,140,Jingdezhen,0,-1.9550777673721313,12.48731803894043
48,141,Yingtan,0,0.45175400376319885,11.369298934936523
48,142,Shangrao,0,1.7329368591308594,11.888420104980469
48,143,Hebi,2,-0.39311107993125916,18.870349884033203
48,144,Xinxiang,2,-7.217737674713135,20.820049285888672
48,145,Puyang,2,3.1374082565307617,24.07223129272461
48,146,Xuchang,2,0.48177582025527954,21.954477310180664
48,147,Luohe,2,-1.0445327758789062,21.966142654418945
48,148,Nanyang,7,2.1259491443634033,18.738298416137695
48,149,Shangqiu,2,-0.7083571553230286,19.64325523376465
48,150,Zhumadian,2,-0.59639573097229,18.366256713867188
48,151,Huangshi,7,-3.115800619125366,15.358853340148926
48,152,Shiyan,1,-2.966547966003418,11.606744766235352
48,153,Xiangfan,7,4.886061668395996,22.48161506652832
48,154,Ezhou,7,0.11716096103191376,16.059486389160156
48,155,Jingmen,7,-3.5577282905578613,17.843666076660156
48,156,Xiaogan,7,-0.5775445699691772,15.534090042114258
48,157,Huanggang,7,2.5075671672821045,17.001724243164062
48,158,Xianning,7,0.8436048626899719,14.516472816467285
48,159,Suizhou,7,-1.9105068445205688,15.381369590759277
48,160,Enshizhou,7,-0.027555197477340698,11.623503684997559
48,161,Yiyang,7,1.9062039852142334,13.797595024108887
48,162,Xiangxizhou,7,-1.567521095275879,12.364154815673828
48,163,Guangyuan,4,1.8477559089660645,9.999978065490723
48,164,Suining,4,-3.6918323040008545,11.575846672058105
48,165,Neijiang,4,-3.2065787315368652,14.975861549377441
48,166,Leshan,4,5.643908500671387,15.7586088180542
48,167,Meishan,4,-7.7542595863342285,16.382152557373047
48,168,Guangan,4,-7.641095161437988,13.421782493591309
48,169,Dazhou,4,-2.2522575855255127,13.856229782104492
48,170,Yaan,4,6.624066352844238,16.531757354736328
48,171,Ziyang,4,-4.675534725189209,11.745009422302246
48,172,Hanzhong,1,1.799451470375061,16.51820182800293
48,173,Ankang,1,-2.595381498336792,12.798182487487793
48,174,Shangluo,1,0.29366016387939453,12.071170806884766
48,175,Baiyin,3,2.7549889087677,14.59521484375
48,176,Tianshui,3,2.0302419662475586,13.238578796386719
48,177,Pingliang,3,-5.921588897705078,16.008867263793945
48,178,Qingyang,1,5.58706521987915,14.069558143615723
48,179,Dingxi,3,4.148809909820557,14.979690551757812
48,180,Linxiazhou,3,6.1250762939453125,18.20212745666504
48,181,Wuzhong,3,2.3575284481048584,18.50786781311035
48,182,Zhongwei,3,1.480018973350525,17.401836395263672
48,183,Guyuan,3,3.4886977672576904,13.668951988220215
72,0,Beijing,6,-8.16603946685791,24.718124389648438
72,1,Tianjin,5,0.8904274106025696,21.864648818969727
72,2,Shijiazhuang,6,7.176084041595459,27.08545684814453
72,3,Tangshan,5,0.03858984261751175,22.665626525878906
72,4,Qinhuangdao,5,5.2919111251831055,15.813078880310059
72,5,Handan,2,8.513205528259277,30.21343421936035
72,6,Baoding,6,1.7099790573120117,30.006879806518555
72,7,Zhangjiakou,6,-0.09144595265388489,13.901067733764648
72,8,Chengde,5,0.3332330286502838,12.850786209106445
72,9,Langfang,5,-1.971200704574585,22.51616859436035
72,10,Cangzhou,5,9.147567749023438,22.748207092285156
72,11,Hengshui,2,-1.6471494436264038,26.63880157470703
72,12,Xingtai,2,2.218303680419922,26.828821182250977
72,13,Taiyuan,6,8.611305236816406,24.893281936645508
72,14,Huhehaote,6,6.344513416290283,17.987504959106445
72,15,Dalian,5,-1.721070647239685,14.946742057800293
72,16,Shanghai,0,-5.76426887512207,16.11689567565918
72,17,Nanjing,0,-7.305070877075195,16.4921932220459
72,18,Suzhou,0,-0.9400231838226318,13.737116813659668
72,19,Nantong,0,-4.811580181121826,14.92139720916748
72,20,Lianyungang,5,2.241163730621338,16.50969886779785
72,21,Xuzhou,2,11.4537935256958,20.90886688232422
72,22,Yangzhou,0,5.661760330200195,17.52057647705078
72,23,Wuxi,0,-8.663431167602539,16.570253372192383
72,24,Changzhou,0,-1.9993244409561157,15.999055862426758
72,25,Zhenjiang,0,3.8092470169067383,18.0518856048584
72,26,Taizhou,0,-3.048214912414551,13.540117263793945
72,27,Huaian,0,1.700943112373352,17.650976181030273
72,28,Yancheng,0,5.314509391784668,15.773165702819824
72,29,Suqian,0,5.067277908325195,18.967939376831055
72,30,Hangzhou,0,-6.363447189331055,14.575774192810059
72,31,Ningbo,0,-1.2242745161056519,14.435548782348633
72,32,Shaoxing,0,-3.25752592086792,17.135013580322266
72,33,Huzhou,0,-6.109938621520996,17.096200942993164
72,34,Jiaxing,0,-5.377898216247559,15.929841995239258
72,35,Jinhua,0,-7.308929920196533,16.053565979003906
72,36,Quzhou,0,0.4805159568786621,14.351444244384766
72,37,Lishui,0,0.6137275695800781,13.233306884765625
72,38,Hefei,0,0.1389087587594986,16.542327880859375
72,39,Nanchang,7,0.9947940111160278,14.249287605285645
72,40,Jinan,5,-8.173919677734375,23.89969253540039
72,41,Qingdao,5,-2.3055927753448486,14.424009323120117
72,42,Zhengzhou,2,-3.228527545928955,24.267488479614258
72,43,Wuhan,7,-6.357006072998047,19.1131649017334
72,44,Zhangsha,7,0.1718783974647522,18.70598793029785
72,45,Zhongqing,4,-4.948300361633301,13.804898262023926
72,46,Chengdou,4,-3.803880453109741,17.049457550048828
72,47,Xian,1,9.264841079711914,21.544862747192383
72,48,Lanzhou,3,1.6794527769088745,14.090768814086914
72,49,Yinchuan,3,-0.08114291727542877,14.996232032775879
72,50,Baotou,6,4.419295310974121,18.069801330566406
72,51,Eerduosi,6,3.930100202560425,11.519397735595703
72,52,Huludao,5,4.912677764892578,18.693368911743164
72,53,Laiwu,5,-4.750272274017334,23.864978790283203
72,54,Linyi,5,-3.783325672149658,20.33119773864746
72,55,Liaocheng,2,-5.115342617034912,25.220233917236328
72,56,Binzhou,5,0.20876936614513397,23.07688331604004
72,57,Zibo,5,-7.469061374664307,20.421669006347656
72,58,Zaozhuang,2,-7.63963508605957,20.998878479003906
72,59,Yantai,5,-4.226433277130127,14.349799156188965
72,60,Weifang,5,-3.308892011642456,20.93539047241211
72,61,Jining,2,-5.438593864440918,18.338136672973633
72,62,Taian,2,-1.512954831123352,19.195140838623047
72,63,Rizhao,5,-3.2767724990844727,18.215312957763672
72,64,Dongying,5,-5.988461971282959,24.724000930786133
72,65,Heze,2,-3.1440889835357666,23.11720848083496
72,66,Datong,6,2.2899956703186035,15.234964370727539
72,67,Zhangzhi,2,3.4802002906799316,21.49160385131836
72,68,Linfen,1,19.157920837402344,29.531179428100586
72,69,Yangquan,6,10.248669624328613,21.00107192993164
72,70,Jinzhou,5,1.506927251815796,18.55451011657715
72,71,Wuhu,0,-0.7899560332298279,17.720041275024414
72,72,Maanshan,0,-0.9697917699813843,15.320741653442383
72,73,Jiujiang,7,0.4529472291469574,12.974806785583496
72,74,Luoyang,2,6.029674053192139,22.162918090820312
72,75,Anyang,2,0.9548548460006714,26.493799209594727
72,76,Kaifeng,2,7.669620990753174,24.936853408813477
72,77,Jiaozuo,2,2.8166699409484863,22.58197784423828
72,78,Pingdingshan,2,1.4453740119934082,19.471765518188477
72,79,Sanmenxia,1,1.0625872611999512,22.120742797851562
72,80,Yichang,7,-0.017573878169059753,17.882625579833984
72,81,Jingzhou,7,-3.1460773944854736,16.831722259521484
72,82,Yueyang,7,1.0539253950119019,15.7166166305542
72,83,Changde,7,-0.7989537119865417,15.465621948242188
72,84,Zhangjiajie,7,-2.6379246711730957,13.367372512817383
72,85,Mianyang,4,4.86128044128418,14.107078552246094
72,86,Yibin,4,3.01712965965271,16.46967887878418
72,87,Luzhou,4,-3.2063512802124023,14.71065902709961
72,88,Zigong,4,2.2641077041625977,19.404491424560547
72,89,Deyang,4,1.1869696378707886,15.956913948059082
72,90,Nanchong,4,-7.563781261444092,13.515718460083008
72,91,Xianyang,1,10.676871299743652,27.388076782226562
72,92,Tongchuan,1,1.3219008445739746,18.95197105407715
72,93,Yanan,1,2.3103463649749756,18.126752853393555
72,94,Baoji,1,3.342519760131836,18.348310470581055
72,95,Weinan,1,4.892317771911621,22.441200256347656
72,96,Shizuishan,3,6.515110015869141,18.883310317993164
72,97,Zhangqiu,5,2.329282522201538,22.99724006652832
72,98,Jimo,5,-4.036684513092041,16.441810607910156
72,99,Jiaonan,5,4.311795234680176,19.363569259643555
72,100,Jiaozhou,5,-3.8551454544067383,16.317358016967773
72,101,Laixi,5,1.2751399278640747,17.596799850463867
72,102,Pingdu,5,-2.377962350845337,21.4591064453125
72,103,Penglai,5,-0.954765796661377,15.457880020141602
72,104,Zhaoyuan,5,0.5417984127998352,17.911977767944336
72,105,Laizhou,5,-6.915521621704102,17.170053482055664
72,106,Rushan,5,1.4204598665237427,14.468705177307129
72,107,Wujiang,0,-8.404977798461914,17.004697799682617
72,108,Taicang,0,1.003204107284546,13.708048820495605
72,109,Jurong,0,7.592067718505859,20.40247344970703
72,110,Jiangyin,0,-2.450486660003662,16.912294387817383
72,111,Yixing,0,0.17876461148262024,14.530885696411133
72,112,Jintan,0,-3.7444355487823486,16.327632904052734
72,113,Liyang,0,-3.695610284805298,17.003482818603516
72,114,Linan,0,-4.297039985656738,15.716644287109375
72,115,Fuyang,0,9.243804931640625,17.865928649902344
72,116,Yiwu,0,-4.181169033050537,13.092317581176758
72,117,Xinyang,7,-0.14439299702644348,17.60753631591797
72,118,Zhoukou,2,0.3489745259284973,20.245052337646484
72,119,Jincheng,2,14.647611618041992,27.607576370239258
72,120,Shuozhou,6,2.6827003955841064,20.86196517944336
72,121,Jinzhong,6,5.194110870361328,20.525239944458008
72,122,Yuncheng,1,8.823939323425293,23.439464569091797
72,123,Xinzhou,6,12.680665969848633,24.6793212890625
72,124,Lu:liang,6,10.027565002441406,21.400272369384766
72,125,Wuhai,3,1.256790041923523,17.03472328186035
72,126,Bayannaoer,3,-0.6299683451652527,17.64536476135254
72,127,Wulanchabu,6,-5.526150703430176,14.155705451965332
72,128,Alashanmeng,3,4.215487957000732,13.068639755249023
72,129,Chaoyang,5,10.100191116333008,22.042800903320312
72,130,Bangbu,0,4.770922660827637,17.30254554748535
72,131,Huainan,0,16.255611419677734,21.679943084716797
72,132,Huaibei,2,16.31499481201172,22.20641326904297
72,133,Tongling,0,7.564889907836914,15.392388343811035
72,134,Anqing,0,5.969152927398682,17.383480072021484
72,135,Huangshan,0,-4.20963191986084,11.9788236618042
72,136,Chuzhou,0,-0.11436684429645538,16.995250701904297
72,137,Liuan,0,-0.21527785062789917,15.113492012023926
72,138,Chizhou,0,19.0913143157959,21.533973693847656
72,139,Xuancheng,0,3.4005331993103027,15.15212631225586
72,140,Jingdezhen,0,-2.4416911602020264,12.447372436523438
72,141,Yingtan,0,-0.44780969619750977,11.259075164794922
72,142,Shangrao,0,0.9926594495773315,11.845051765441895
72,143,Hebi,2,-1.2388945817947388,19.10733413696289
72,144,Xinxiang,2,-8.536669731140137,21.60947036743164
72,145,Puyang,2,2.803473472595215,24.243141174316406
72,146,Xuchang,2,-0.4852766990661621,22.198081970214844
72,147,Luohe,2,-2.330193519592285,22.70526123046875
72,148,Nanyang,7,1.129715919494629,19.364498138427734
72,149,Shangqiu,2,-1.5989102125167847,19.877283096313477
72,150,Zhumadian,2,-1.4411070346832275,18.740459442138672
72,151,Huangshi,7,-3.591064929962158,15.55875015258789
72,152,Shiyan,1,-3.6424782276153564,12.29925537109375
72,153,Xiangfan,7,4.60280704498291,22.939956665039062
72,154,Ezhou,7,-0.500117838382721,16.478307723999023
72,155,Jingmen,7,-4.577099800109863,18.705472946166992
72,156,Xiaogan,7,-1.3983161449432373,15.941461563110352
72,157,Huanggang,7,2.011324167251587,17.25188636779785
72,158,Xianning,7,-0.3332102298736572,14.718488693237305
72,159,Suizhou,7,-3.002854347229004,15.986592292785645
72,160,Enshizhou,7,-0.06349015235900879,11.996966361999512
72,161,Yiyang,7,0.8142027854919434,14.506206512451172
72,162,Xiangxizhou,7,-2.3632490634918213,13.090413093566895
72,163,Guangyuan,4,1.1772981882095337,10.504989624023438
72,164,Suining,4,-5.297540664672852,12.212752342224121
72,165,Neijiang,4,-3.5986721515655518,16.067975997924805
72,166,Leshan,4,5.164491176605225,16.21820640563965
72,167,Meishan,4,-9.429808616638184,17.462081909179688
72,168,Guangan,4,-9.64646053314209,14.761051177978516
72,169,Dazhou,4,-3.7742557525634766,14.614679336547852
72,170,Yaan,4,5.682581424713135,16.678157806396484
72,171,Ziyang,4,-5.462910175323486,12.557646751403809
72,172,Hanzhong,1,1.3901851177215576,16.745168685913086
72,173,Ankang,1,-3.6731488704681396,13.564858436584473
72,174,Shangluo,1,0.8253754377365112,12.38366985321045
72,175,Baiyin,3,1.239834189414978,15.29800033569336
72,176,Tianshui,3,1.327314019203186,13.656195640563965
72,177,Pingliang,3,-7.6093926429748535,16.87884521484375
72,178,Qingyang,1,5.6239519119262695,14.18601131439209
72,179,Dingxi,3,3.711750030517578,15.688820838928223
72,180,Linxiazhou,3,4.947960376739502,18.95146942138672
72,181,Wuzhong,3,1.454026699066162,19.023456573486328
72,182,Zhongwei,3,1.221649169921875,17.965608596801758
72,183,Guyuan,3,3.160529136657715,13.74976921081543
