dataset,stratum,pair_count,mean,median,std,positive_pair_fraction
KnowAir,season:autumn,400,0.060186449550086465,0.06290207952974466,0.1044033913165028,0.7425
KnowAir,season:spring,400,0.08448332251704425,0.09473744192096242,0.11518411076678908,0.775
KnowAir,season:summer,400,0.06004055519666673,0.05356661453782527,0.0932936427466828,0.74
KnowAir,season:winter,400,0.06754146355983165,0.07232217175001346,0.12701537798470508,0.71
KnowAir,speed:moderate,400,0.038958826766094586,0.040517851356457434,0.07897755865373222,0.6875
KnowAir,speed:strong,357,0.11086733664893497,0.11426637127320499,0.13058252211180665,0.7275
KnowAir,split:test,400,0.06497284512297688,0.0678918349429795,0.10776036661849378,0.7425
KnowAir,split:train,400,0.0693290690102467,0.06921737959383273,0.09523789613612917,0.775
KnowAir,split:val,400,0.07906110412204044,0.08550300748991149,0.1282184293813753,0.7525
