dataset,lag_h,pair_count,mean,median,std,positive_pair_fraction
UCI-Beijing,0,48,-0.0133864363848462,-0.019929521231609,0.0974708109775076,0.3958333333333333
UCI-Beijing,1,48,0.1091205396727982,0.1119974985845367,0.0674390076971305,0.9166666666666666
UCI-Beijing,3,48,0.034562045607373,0.0352293037867621,0.0486904892834336,0.75
UCI-Beijing,6,48,-8.700976061980002e-05,-0.0043566454445618,0.0334059083568222,0.4375
UCI-Beijing,12,48,-0.0058918253017831,-0.01182070053081,0.0269048882777231,0.3958333333333333
KnowAir,0,400,-0.012216117606116416,-0.01666859766990854,0.08609023982706925,0.4375
KnowAir,3,400,0.07072699112265149,0.07845006752498228,0.09370987031293337,0.7775
KnowAir,6,400,0.06597694837460256,0.06185114106076428,0.09113423759102633,0.7625
KnowAir,12,400,0.011447356365600944,0.012868363632084621,0.058115969035561,0.5975
